,equity
2022-11-11 00:00:00-05:00,100000.0
2022-11-14 00:00:00-05:00,95963.55572500004
2022-11-15 00:00:00-05:00,96461.40572500002
2022-11-16 00:00:00-05:00,95969.85572500003
2022-11-17 00:00:00-05:00,96416.20572500007
2022-11-18 00:00:00-05:00,99158.65572500005
2022-11-21 00:00:00-05:00,99969.30572500004
2022-11-22 00:00:00-05:00,101428.60572500003
2022-11-23 00:00:00-05:00,100093.90572500005
2022-11-24 00:00:00-05:00,99175.00572500005
2022-11-25 00:00:00-05:00,99386.40572500002
2022-11-28 00:00:00-05:00,98846.60572500003
2022-11-29 00:00:00-05:00,99863.00572500005
2022-11-30 00:00:00-05:00,99863.00572500005
2022-12-01 00:00:00-05:00,102085.00572500005
2022-12-02 00:00:00-05:00,102000.80572500004
2022-12-05 00:00:00-05:00,102135.85572500003
2022-12-06 00:00:00-05:00,103142.70572500007
2022-12-07 00:00:00-05:00,103142.70572500007
2022-12-08 00:00:00-05:00,99747.55572500004
2022-12-09 00:00:00-05:00,101476.10572500003
2022-12-12 00:00:00-05:00,100486.90572500008
2022-12-13 00:00:00-05:00,105181.70572500007
2022-12-14 00:00:00-05:00,107432.15572500002
2022-12-15 00:00:00-05:00,104828.50572500005
2022-12-16 00:00:00-05:00,104623.20572500007
2022-12-19 00:00:00-05:00,105772.20572500007
2022-12-20 00:00:00-05:00,104763.15572500005
2022-12-21 00:00:00-05:00,102873.30572500004
2022-12-22 00:00:00-05:00,102873.30572500004
2022-12-23 00:00:00-05:00,105575.45572500004
2022-12-26 00:00:00-05:00,110060.25572500005
2022-12-27 00:00:00-05:00,111169.40572500005
2022-12-28 00:00:00-05:00,110381.90572500005
2022-12-29 00:00:00-05:00,111967.95572500007
2022-12-30 00:00:00-05:00,111899.95572500004
2023-01-02 00:00:00-05:00,105461.35572500003
2023-01-03 00:00:00-05:00,107107.40572500002
2023-01-04 00:00:00-05:00,102143.20572500004
2023-01-05 00:00:00-05:00,107050.90572500005
2023-01-06 00:00:00-05:00,110749.60572500003
2023-01-09 00:00:00-05:00,110437.90572500002
2023-01-10 00:00:00-05:00,113290.40572500008
2023-01-11 00:00:00-05:00,114208.00572500005
2023-01-12 00:00:00-05:00,115987.50572500002
2023-01-13 00:00:00-05:00,115893.35572500003
2023-01-16 00:00:00-05:00,115555.95572500007
2023-01-17 00:00:00-05:00,116433.30572500004
2023-01-18 00:00:00-05:00,117799.65572500005
2023-01-19 00:00:00-05:00,117799.65572500005
2023-01-20 00:00:00-05:00,117337.30572500004
2023-01-23 00:00:00-05:00,116739.85572500003
2023-01-24 00:00:00-05:00,115656.15572500005
2023-01-25 00:00:00-05:00,114851.50572500005
2023-01-26 00:00:00-05:00,110597.80572500004
2023-01-27 00:00:00-05:00,110369.00572500005
2023-01-30 00:00:00-05:00,112771.65572500002
2023-01-31 00:00:00-05:00,105390.75572500002
2023-02-01 00:00:00-05:00,105139.90572500002
2023-02-02 00:00:00-05:00,111792.55572500004
2023-02-03 00:00:00-05:00,108876.00572500002
2023-02-06 00:00:00-05:00,103667.40572500005
2023-02-07 00:00:00-05:00,100208.87372500007
2023-02-08 00:00:00-05:00,104173.80572500004
2023-02-09 00:00:00-05:00,100220.10572500003
2023-02-10 00:00:00-05:00,106505.85572500003
2023-02-13 00:00:00-05:00,106886.40572500002
2023-02-14 00:00:00-05:00,110945.40572500005
2023-02-15 00:00:00-05:00,110124.90572500002
2023-02-16 00:00:00-05:00,112215.95572500004
2023-02-17 00:00:00-05:00,112691.30572500004
2023-02-20 00:00:00-05:00,113631.50572500002
2023-02-21 00:00:00-05:00,108017.80572500004
2023-02-22 00:00:00-05:00,107656.83901500003
2023-02-23 00:00:00-05:00,108874.20901500003
2023-02-24 00:00:00-05:00,108296.67901500003
2023-02-27 00:00:00-05:00,107219.42901500003
2023-02-28 00:00:00-05:00,107394.88901500002
2023-03-01 00:00:00-05:00,108886.29901500003
2023-03-02 00:00:00-05:00,108853.74901500004
2023-03-03 00:00:00-05:00,108474.61901500003
2023-03-06 00:00:00-05:00,109423.52901500004
2023-03-07 00:00:00-05:00,110797.44901500002
2023-03-08 00:00:00-05:00,110797.44901500002
2023-03-09 00:00:00-05:00,112514.84901500003
2023-03-10 00:00:00-05:00,112449.43901500003
2023-03-13 00:00:00-04:00,112631.71901500002
2023-03-14 00:00:00-04:00,113407.33901500002
2023-03-15 00:00:00-04:00,114090.26901500003
2023-03-16 00:00:00-04:00,114274.61595000006
2023-03-17 00:00:00-04:00,116255.85595000006
2023-03-20 00:00:00-04:00,114147.78594999999
2023-03-21 00:00:00-04:00,117652.16595000005
2023-03-22 00:00:00-04:00,118270.27595000004
2023-03-23 00:00:00-04:00,116337.56595000002
2023-03-24 00:00:00-04:00,114344.46595000004
2023-03-27 00:00:00-04:00,116785.32595000003
2023-03-28 00:00:00-04:00,113890.94595000002
2023-03-29 00:00:00-04:00,117058.01595000003
2023-03-30 00:00:00-04:00,118232.66595000005
2023-03-31 00:00:00-04:00,117608.09595000005
2023-04-03 00:00:00-04:00,117106.31595000002
2023-04-04 00:00:00-04:00,118471.89595000003
2023-04-05 00:00:00-04:00,116667.3959500001
2023-04-06 00:00:00-04:00,116239.89595000003
2023-04-07 00:00:00-04:00,112958.97595000005
2023-04-10 00:00:00-04:00,112555.52595000004
2023-04-11 00:00:00-04:00,114644.76595000003
2023-04-12 00:00:00-04:00,116729.59595000005
2023-04-13 00:00:00-04:00,111961.49595000007
2023-04-14 00:00:00-04:00,110553.42595
2023-04-17 00:00:00-04:00,106397.26789000002
2023-04-18 00:00:00-04:00,107361.41789000001
2023-04-19 00:00:00-04:00,109210.16789000001
2023-04-20 00:00:00-04:00,108771.26789000003
2023-04-21 00:00:00-04:00,108016.61789000002
2023-04-24 00:00:00-04:00,107925.16789000001
2023-04-25 00:00:00-04:00,109416.76789000002
2023-04-26 00:00:00-04:00,109114.26789000002
2023-04-27 00:00:00-04:00,110469.56789000002
2023-04-28 00:00:00-04:00,110440.06789000003
2023-05-01 00:00:00-04:00,110705.06789000003
2023-05-02 00:00:00-04:00,110528.11789000002
2023-05-03 00:00:00-04:00,110812.06789000003
2023-05-04 00:00:00-04:00,110812.06789000003
2023-05-05 00:00:00-04:00,110577.61789000002
2023-02-08 00:00:00-05:00,102502.71789000003
2023-02-09 00:00:00-05:00,100143.91936000003
2023-02-10 00:00:00-05:00,103866.81936000002
2023-02-13 00:00:00-05:00,104261.48936000004
2023-02-14 00:00:00-05:00,106716.03936000002
2023-02-15 00:00:00-05:00,106516.73697000003
2023-02-16 00:00:00-05:00,107883.46437000003
2023-02-17 00:00:00-05:00,108001.65060500002
2023-02-20 00:00:00-05:00,108764.28060500002
2023-02-21 00:00:00-05:00,104181.90060500005
2023-02-22 00:00:00-05:00,103904.34687000004
2023-02-23 00:00:00-05:00,105752.28687000007
2023-02-24 00:00:00-05:00,104431.16226000004
2023-02-27 00:00:00-05:00,103061.74143000004
2023-02-28 00:00:00-05:00,103484.67143000003
2023-03-01 00:00:00-05:00,105966.06143000005
2023-03-02 00:00:00-05:00,105910.47143000005
2023-03-03 00:00:00-05:00,105328.12143000001
2023-03-06 00:00:00-05:00,106685.80143
2023-03-07 00:00:00-05:00,108991.48183500003
2023-03-08 00:00:00-05:00,108991.48183500003
2023-03-09 00:00:00-05:00,112474.47183500005
2023-03-10 00:00:00-05:00,112341.76183500006
2023-03-13 00:00:00-04:00,112711.07183500002
2023-03-14 00:00:00-04:00,114282.34183500001
2023-03-15 00:00:00-04:00,115669.14183500006
2023-03-16 00:00:00-04:00,115569.37183500004
2023-03-17 00:00:00-04:00,117108.12183500004
2023-03-20 00:00:00-04:00,115471.22183500002
2023-03-21 00:00:00-04:00,118185.78183500005
2023-03-22 00:00:00-04:00,118662.65183500001
2023-03-23 00:00:00-04:00,117164.31183500004
2023-03-24 00:00:00-04:00,115622.08183500006
2023-03-27 00:00:00-04:00,117510.22183500002
2023-03-28 00:00:00-04:00,115268.65183500001
2023-03-29 00:00:00-04:00,117720.42183500003
2023-03-30 00:00:00-04:00,118632.26183500006
2023-03-31 00:00:00-04:00,118146.25183500005
2023-04-03 00:00:00-04:00,117755.94183500005
2023-04-04 00:00:00-04:00,118810.78183500007
2023-04-05 00:00:00-04:00,117414.51183500006
2023-04-06 00:00:00-04:00,117078.81183500004
2023-04-07 00:00:00-04:00,114532.42183500003
2023-04-10 00:00:00-04:00,114217.88183500002
2023-04-11 00:00:00-04:00,115562.59173500002
2023-04-12 00:00:00-04:00,116853.29953500003
2023-04-13 00:00:00-04:00,113027.43953500001
2023-04-14 00:00:00-04:00,111303.93213500001
2023-04-17 00:00:00-04:00,107292.49213500004
2023-04-18 00:00:00-04:00,108758.38796000004
2023-04-19 00:00:00-04:00,111536.25690500002
2023-04-20 00:00:00-04:00,110842.59690500004
2023-04-21 00:00:00-04:00,109516.77690500004
2023-04-24 00:00:00-04:00,109286.45690500003
2023-04-25 00:00:00-04:00,111697.46690500004
2023-04-26 00:00:00-04:00,110881.01314500003
2023-04-27 00:00:00-04:00,113330.26066000003
2023-04-28 00:00:00-04:00,113060.24942500005
2023-05-01 00:00:00-04:00,113610.55942500004
2023-05-02 00:00:00-04:00,113242.91942500003
2023-05-03 00:00:00-04:00,113832.50942500005
2023-05-04 00:00:00-04:00,113832.50942500005
2023-05-05 00:00:00-04:00,113345.60942500003
2023-05-08 00:00:00-04:00,113734.18942500005
2023-05-09 00:00:00-04:00,112228.40942500002
2023-05-10 00:00:00-04:00,114930.49942500005
2023-05-11 00:00:00-04:00,115207.67942500004
2023-05-12 00:00:00-04:00,115269.15942500002
2023-05-15 00:00:00-04:00,115138.04942500003
2023-05-16 00:00:00-04:00,116751.32942500006
2023-05-17 00:00:00-04:00,117212.20942500004
2023-05-18 00:00:00-04:00,118501.69942500003
2023-05-19 00:00:00-04:00,117582.97942500003
2023-05-22 00:00:00-04:00,116590.34942500002
2023-05-23 00:00:00-04:00,117949.74942500005
2023-05-24 00:00:00-04:00,115321.67942500004
2023-05-25 00:00:00-04:00,117034.26502500004
2023-05-26 00:00:00-04:00,118642.04295000006
2023-05-29 00:00:00-04:00,118562.14295000004
2023-05-30 00:00:00-04:00,119914.44295000006
2023-05-31 00:00:00-04:00,120174.62295000005
2023-06-01 00:00:00-04:00,121770.16295000006
2023-06-02 00:00:00-04:00,122243.04295000006
2023-06-05 00:00:00-04:00,122157.76295000003
2023-06-06 00:00:00-04:00,122828.52295000004
2023-06-07 00:00:00-04:00,125007.62295000005
2023-06-08 00:00:00-04:00,125007.62295000005
2023-06-09 00:00:00-04:00,125298.16295000006
2023-06-12 00:00:00-04:00,125946.80295000001
2023-06-13 00:00:00-04:00,124310.28295000005
2023-06-14 00:00:00-04:00,126245.96295000004
2023-06-15 00:00:00-04:00,127111.82295000003
2023-06-16 00:00:00-04:00,126718.46295000004
2023-06-19 00:00:00-04:00,127099.36295000004
2023-06-20 00:00:00-04:00,125884.90295000005
2023-06-21 00:00:00-04:00,124044.42295000007
2023-06-22 00:00:00-04:00,121419.28295000005
2023-06-23 00:00:00-04:00,124353.68295000005
2023-06-26 00:00:00-04:00,126166.98295000006
2023-06-27 00:00:00-04:00,127176.80295000001
2023-06-28 00:00:00-04:00,129728.02295000004
2023-06-29 00:00:00-04:00,130106.52295000004
2023-06-30 00:00:00-04:00,128268.56295000005
2023-07-03 00:00:00-04:00,128671.84295000005
2023-07-04 00:00:00-04:00,129361.62295000005
2023-07-05 00:00:00-04:00,128181.64295000004
2023-07-06 00:00:00-04:00,127948.42295000007
2023-07-07 00:00:00-04:00,129599.88295000003
2023-07-10 00:00:00-04:00,129197.66295000006
2023-07-11 00:00:00-04:00,130681.84295000005
2023-07-12 00:00:00-04:00,130352.92295000007
2023-07-13 00:00:00-04:00,130476.84295000005
2023-07-14 00:00:00-04:00,130013.46295000004
2023-07-17 00:00:00-04:00,130101.00295000002
2023-07-18 00:00:00-04:00,130877.16295000006
2023-07-19 00:00:00-04:00,131506.38295000003
2023-07-20 00:00:00-04:00,131835.10295000006
2023-07-21 00:00:00-04:00,130015.08295000007
2023-07-24 00:00:00-04:00,127598.60295000006
2023-07-25 00:00:00-04:00,128341.62295000005
2023-07-26 00:00:00-04:00,130479.56295000008
2023-07-27 00:00:00-04:00,133280.16295000006
2023-07-28 00:00:00-04:00,133834.68295000005
2023-07-31 00:00:00-04:00,134221.30295000007
2023-08-01 00:00:00-04:00,132755.34295000005
2023-08-02 00:00:00-04:00,134974.34295000005
2023-05-08 00:00:00-04:00,113383.76295000003
2023-05-09 00:00:00-04:00,111854.58295000004
2023-05-10 00:00:00-04:00,114610.82295000006
2023-05-11 00:00:00-04:00,114885.30295000007
2023-05-12 00:00:00-04:00,114947.38295000003
2023-05-15 00:00:00-04:00,114806.82295000003
2023-05-16 00:00:00-04:00,116449.20295000006
2023-05-17 00:00:00-04:00,116920.58295000004
2023-05-18 00:00:00-04:00,118224.32295000003
2023-05-19 00:00:00-04:00,117293.90295000005
2023-05-22 00:00:00-04:00,116265.72295000005
2023-05-23 00:00:00-04:00,117623.02295000004
2023-05-24 00:00:00-04:00,114889.20295000004
2023-05-25 00:00:00-04:00,116633.11455000006
2023-05-26 00:00:00-04:00,118238.84290000005
2023-05-29 00:00:00-04:00,118159.45290000006
2023-05-30 00:00:00-04:00,119509.25290000005
2023-05-31 00:00:00-04:00,119767.92290000003
2023-06-01 00:00:00-04:00,121362.60290000003
2023-06-02 00:00:00-04:00,121835.25290000005
2023-06-05 00:00:00-04:00,121749.61290000004
2023-06-06 00:00:00-04:00,122418.00290000005
2023-06-07 00:00:00-04:00,124593.81290000005
2023-06-08 00:00:00-04:00,124593.81290000005
2023-06-09 00:00:00-04:00,124885.14290000004
2023-06-12 00:00:00-04:00,125532.25290000005
2023-06-13 00:00:00-04:00,123899.27290000004
2023-06-14 00:00:00-04:00,125830.35290000003
2023-06-15 00:00:00-04:00,126694.65290000004
2023-06-16 00:00:00-04:00,126302.78290000005
2023-06-19 00:00:00-04:00,126683.03290000002
2023-06-20 00:00:00-04:00,125470.06290000005
2023-06-21 00:00:00-04:00,123632.99290000004
2023-06-22 00:00:00-04:00,121014.22290000005
2023-06-23 00:00:00-04:00,123942.53290000005
2023-06-26 00:00:00-04:00,125752.34290000008
2023-06-27 00:00:00-04:00,126761.25290000005
2023-06-28 00:00:00-04:00,129307.99290000004
2023-06-29 00:00:00-04:00,129685.41290000002
2023-06-30 00:00:00-04:00,127849.46290000007
2023-07-03 00:00:00-04:00,128252.92290000003
2023-07-04 00:00:00-04:00,128940.88290000006
2023-07-05 00:00:00-04:00,127763.04290000003
2023-07-06 00:00:00-04:00,127530.74290000004
2023-07-07 00:00:00-04:00,129178.64290000006
2023-07-10 00:00:00-04:00,128778.59290000005
2023-07-11 00:00:00-04:00,130259.99290000004
2023-07-12 00:00:00-04:00,129930.34290000005
2023-07-13 00:00:00-04:00,130054.62290000005
2023-07-14 00:00:00-04:00,129590.69290000005
2023-07-17 00:00:00-04:00,129677.13290000006
2023-07-18 00:00:00-04:00,130451.96290000004
2023-07-19 00:00:00-04:00,131080.37290000005
2023-07-20 00:00:00-04:00,131408.04290000006
2023-07-21 00:00:00-04:00,129590.95290000006
2023-07-24 00:00:00-04:00,127179.33290000004
2023-07-25 00:00:00-04:00,127921.67290000003
2023-07-26 00:00:00-04:00,130056.11290000007
2023-07-27 00:00:00-04:00,132852.81290000005
2023-07-28 00:00:00-04:00,133406.62290000005
2023-07-31 00:00:00-04:00,133792.30290000004
2023-08-01 00:00:00-04:00,132328.99290000004
2023-08-02 00:00:00-04:00,134544.00290000005
2023-08-03 00:00:00-04:00,136423.58290000007
2023-08-04 00:00:00-04:00,136147.55290000004
2023-08-07 00:00:00-04:00,136413.53290000005
2023-08-08 00:00:00-04:00,136721.14290000004
2023-08-09 00:00:00-04:00,137068.95290000003
2023-08-10 00:00:00-04:00,137068.95290000003
2023-08-11 00:00:00-04:00,136816.77290000004
2023-08-14 00:00:00-04:00,136243.86290000004
2023-08-15 00:00:00-04:00,135314.45290000006
2023-08-16 00:00:00-04:00,133456.07290000006
2023-08-17 00:00:00-04:00,133672.17290000003
2023-08-18 00:00:00-04:00,132693.80290000004
2023-08-21 00:00:00-04:00,134567.91290000005
2023-08-22 00:00:00-04:00,134464.90290000007
2023-08-23 00:00:00-04:00,131504.83290000004
2023-08-24 00:00:00-04:00,127038.00298000005
2023-08-25 00:00:00-04:00,127294.27883000002
2023-08-28 00:00:00-04:00,128767.84883000006
2023-08-29 00:00:00-04:00,130684.86247000004
2023-08-30 00:00:00-04:00,131157.07047000004
2023-08-31 00:00:00-04:00,129819.78047000003
2023-09-01 00:00:00-04:00,123865.34047000002
2023-09-04 00:00:00-04:00,124239.40605500003
2023-09-05 00:00:00-04:00,123066.10605500004
2023-09-06 00:00:00-04:00,124388.20605500005
2023-09-07 00:00:00-04:00,121886.40605500006
2023-09-08 00:00:00-04:00,123620.40605500003
2023-09-11 00:00:00-04:00,124395.85605500004
2023-09-12 00:00:00-04:00,125711.55605500002
2023-09-13 00:00:00-04:00,125204.50605500003
2023-09-14 00:00:00-04:00,124097.75605500003
2023-09-15 00:00:00-04:00,123659.60605500001
2023-09-18 00:00:00-04:00,124511.10605500004
2023-09-19 00:00:00-04:00,127114.65605500003
2023-09-20 00:00:00-04:00,128359.52156000002
2023-09-21 00:00:00-04:00,129934.12156000003
2023-09-22 00:00:00-04:00,131794.03156000003
2023-09-25 00:00:00-04:00,132112.98156000001
2023-09-26 00:00:00-04:00,133183.88156000004
2023-09-27 00:00:00-04:00,132016.75156000003
2023-09-28 00:00:00-04:00,133931.52156000005
2023-09-29 00:00:00-04:00,134432.95156000002
2023-10-02 00:00:00-04:00,134174.17156000002
2023-10-03 00:00:00-04:00,136745.31156000003
2023-10-04 00:00:00-04:00,137617.26156000004
2023-10-05 00:00:00-04:00,138264.31156000003
2023-10-06 00:00:00-04:00,139299.73156000001
2023-10-09 00:00:00-04:00,141418.59156000006
2023-10-10 00:00:00-04:00,143665.20156000004
2023-10-11 00:00:00-04:00,144228.86156000002
2023-10-12 00:00:00-04:00,144160.14156000005
2023-10-13 00:00:00-04:00,142235.17018000007
2023-10-16 00:00:00-04:00,138379.85018
2023-10-17 00:00:00-04:00,138896.69018000003
2023-10-18 00:00:00-04:00,141929.77018000005
2023-10-19 00:00:00-04:00,141949.49018000002
2023-10-20 00:00:00-04:00,143825.57018000004
2023-10-23 00:00:00-04:00,143500.49018000002
2023-10-24 00:00:00-04:00,145842.61018000002
2023-10-25 00:00:00-04:00,146495.57018000004
2023-10-26 00:00:00-04:00,144007.77018000005
2023-10-27 00:00:00-04:00,143454.49018000002
2023-10-30 00:00:00-04:00,144457.33018000005
2023-08-03 00:00:00-04:00,130274.89018000005
2023-08-04 00:00:00-04:00,130291.72558000003
2023-08-07 00:00:00-04:00,130419.07558000003
2023-08-08 00:00:00-04:00,130570.84558000002
2023-08-09 00:00:00-04:00,130735.66558000003
2023-08-10 00:00:00-04:00,130735.66558000003
2023-08-11 00:00:00-04:00,130609.30558000003
2023-08-14 00:00:00-04:00,130334.86558000004
2023-08-15 00:00:00-04:00,129885.46558000005
2023-08-16 00:00:00-04:00,128988.16558000003
2023-08-17 00:00:00-04:00,129095.44558000003
2023-08-18 00:00:00-04:00,128620.84558000002
2023-08-21 00:00:00-04:00,130715.80139500005
2023-08-22 00:00:00-04:00,130577.83139500007
2023-08-23 00:00:00-04:00,126779.84139499997
2023-08-24 00:00:00-04:00,120954.58139500002
2023-08-25 00:00:00-04:00,120996.65139500002
2023-08-28 00:00:00-04:00,123836.06139500006
2023-08-29 00:00:00-04:00,127045.28139500003
2023-08-30 00:00:00-04:00,127437.77139500002
2023-08-31 00:00:00-04:00,125792.28139500003
2023-09-01 00:00:00-04:00,118477.84139500008
2023-09-04 00:00:00-04:00,118488.69139500006
2023-09-05 00:00:00-04:00,116131.441395
2023-09-06 00:00:00-04:00,117740.59747500003
2023-09-07 00:00:00-04:00,115966.79747500003
2023-09-08 00:00:00-04:00,117196.65747500004
2023-09-11 00:00:00-04:00,117746.50747500002
2023-09-12 00:00:00-04:00,118679.96747500004
2023-09-13 00:00:00-04:00,118320.71747500004
2023-09-14 00:00:00-04:00,117535.49747500003
2023-09-15 00:00:00-04:00,117224.77747500004
2023-09-18 00:00:00-04:00,117828.23747500003
2023-09-19 00:00:00-04:00,119675.30747500004
2023-09-20 00:00:00-04:00,120418.02747500004
2023-09-21 00:00:00-04:00,121115.69747500002
2023-09-22 00:00:00-04:00,121942.04747500003
2023-09-25 00:00:00-04:00,122020.63521000004
2023-09-26 00:00:00-04:00,123277.59521
2023-09-27 00:00:00-04:00,121909.91521000006
2023-09-28 00:00:00-04:00,124158.23521000001
2023-09-29 00:00:00-04:00,124746.39521000005
2023-10-02 00:00:00-04:00,124437.91521
2023-10-03 00:00:00-04:00,127459.99521000002
2023-10-04 00:00:00-04:00,128483.35521000001
2023-10-05 00:00:00-04:00,129243.03521000006
2023-10-06 00:00:00-04:00,130460.31521000003
2023-10-09 00:00:00-04:00,132948.63521000004
2023-10-10 00:00:00-04:00,135584.79521000007
2023-10-11 00:00:00-04:00,136249.11521000002
2023-10-12 00:00:00-04:00,136169.75521000003
2023-10-13 00:00:00-04:00,134621.59521
2023-10-16 00:00:00-04:00,131187.35521
2023-10-17 00:00:00-04:00,131650.07520999998
2023-10-18 00:00:00-04:00,134348.31520999997
2023-10-19 00:00:00-04:00,134364.95521
2023-10-20 00:00:00-04:00,136035.99521000002
2023-10-23 00:00:00-04:00,135751.83521
2023-10-24 00:00:00-04:00,137842.71521
2023-10-25 00:00:00-04:00,138434.07520999998
2023-10-26 00:00:00-04:00,136210.71521
2023-10-27 00:00:00-04:00,135710.23521
2023-10-30 00:00:00-04:00,136601.75521000003
2023-10-31 00:00:00-04:00,136601.75521000003
2023-11-01 00:00:00-04:00,130348.31521000003
2023-11-02 00:00:00-04:00,135410.07520999998
2023-11-03 00:00:00-04:00,132711.70805000002
2023-11-06 00:00:00-05:00,131030.44805
2023-11-07 00:00:00-05:00,132358.42805000002
2023-11-08 00:00:00-05:00,130806.48805000001
2023-11-09 00:00:00-05:00,131976.59805000003
2023-11-10 00:00:00-05:00,134987.54805
2023-11-13 00:00:00-05:00,135420.54805
2023-11-14 00:00:00-05:00,134111.51805
2023-11-15 00:00:00-05:00,135337.16805
2023-11-16 00:00:00-05:00,133919.51805
2023-11-17 00:00:00-05:00,133009.084715
2023-11-20 00:00:00-05:00,137895.64471500003
2023-11-21 00:00:00-05:00,133409.66471500002
2023-11-22 00:00:00-05:00,130804.70331500002
2023-11-23 00:00:00-05:00,128587.08331500003
2023-11-24 00:00:00-05:00,132125.76964500002
2023-11-27 00:00:00-05:00,134922.78809000002
2023-11-28 00:00:00-05:00,136667.73809000003
2023-11-29 00:00:00-05:00,136667.73809000003
2023-11-30 00:00:00-05:00,140584.91809000002
2023-12-01 00:00:00-05:00,139877.08809
2023-12-04 00:00:00-05:00,140023.07809
2023-12-05 00:00:00-05:00,139756.20358
2023-12-06 00:00:00-05:00,139209.00358
2023-12-07 00:00:00-05:00,140166.73358
2023-12-08 00:00:00-05:00,139333.01358
2023-12-11 00:00:00-05:00,136231.66358
2023-12-12 00:00:00-05:00,136131.90357999998
2023-12-13 00:00:00-05:00,135240.59358
2023-12-14 00:00:00-05:00,135203.61358
2023-12-15 00:00:00-05:00,136647.19358
2023-12-18 00:00:00-05:00,137054.86358
2023-12-19 00:00:00-05:00,134693.03358
2023-12-20 00:00:00-05:00,135084.52357999998
2023-12-21 00:00:00-05:00,135084.52357999998
2023-12-22 00:00:00-05:00,132530.63358
2023-12-25 00:00:00-05:00,131274.77357999998
2023-12-26 00:00:00-05:00,129877.21358
2023-12-27 00:00:00-05:00,127832.28131999998
2023-12-28 00:00:00-05:00,127645.09439999999
2023-12-29 00:00:00-05:00,126738.58439999999
2024-01-01 00:00:00-05:00,126635.39439999999
2024-01-02 00:00:00-05:00,126259.29439999998
2024-01-03 00:00:00-05:00,127661.58439999999
2024-01-04 00:00:00-05:00,128941.22439999999
2024-01-05 00:00:00-05:00,129439.50593999997
2024-01-08 00:00:00-05:00,130092.88114
2024-01-09 00:00:00-05:00,126371.30113999998
2024-01-10 00:00:00-05:00,127017.56657999998
2024-01-11 00:00:00-05:00,126628.76657999998
2024-01-12 00:00:00-05:00,127383.09657999998
2024-01-15 00:00:00-05:00,128768.20658
2024-01-16 00:00:00-05:00,127012.46818
2024-01-17 00:00:00-05:00,125098.796745
2024-01-18 00:00:00-05:00,125025.21386499998
2024-01-19 00:00:00-05:00,126026.49386499998
2024-01-22 00:00:00-05:00,126048.193865
2024-01-23 00:00:00-05:00,124772.65386499999
2024-01-24 00:00:00-05:00,124338.37386499999
2024-01-25 00:00:00-05:00,124338.37386499999
2023-10-31 00:00:00-04:00,130317.63386499998
2023-11-01 00:00:00-04:00,128556.71172999998
2023-11-02 00:00:00-04:00,130514.12172999998
2023-11-03 00:00:00-04:00,128512.19172999999
2023-11-06 00:00:00-05:00,126889.73172999998
2023-11-07 00:00:00-05:00,128169.26172999998
2023-11-08 00:00:00-05:00,126671.12172999998
2023-11-09 00:00:00-05:00,127799.03172999999
2023-11-10 00:00:00-05:00,130127.26716499998
2023-11-13 00:00:00-05:00,130460.32991
2023-11-14 00:00:00-05:00,127623.51011
2023-11-15 00:00:00-05:00,130732.85011000003
2023-11-16 00:00:00-05:00,127132.35010999997
2023-11-17 00:00:00-05:00,124434.08931000001
2023-11-20 00:00:00-05:00,129068.83931000001
2023-11-21 00:00:00-05:00,124814.52931000001
2023-11-22 00:00:00-05:00,122340.13129000005
2023-11-23 00:00:00-05:00,120245.83129000003
2023-11-24 00:00:00-05:00,123573.29970500001
2023-11-27 00:00:00-05:00,126186.32355500001
2023-11-28 00:00:00-05:00,127816.52355500002
2023-11-29 00:00:00-05:00,127816.52355500002
2023-11-30 00:00:00-05:00,131476.06355500003
2023-12-01 00:00:00-05:00,130814.52355500002
2023-12-04 00:00:00-05:00,130950.79355500001
2023-12-05 00:00:00-05:00,130255.63355500004
2023-12-06 00:00:00-05:00,129199.533555
2023-12-07 00:00:00-05:00,131048.11355500002
2023-12-08 00:00:00-05:00,129439.42355500002
2023-12-11 00:00:00-05:00,123453.23355500001
2023-12-12 00:00:00-05:00,123108.49423500002
2023-12-13 00:00:00-05:00,121837.56423500003
2023-12-14 00:00:00-05:00,121739.07423500004
2023-12-15 00:00:00-05:00,123908.76423500004
2023-12-18 00:00:00-05:00,124530.42423500001
2023-12-19 00:00:00-05:00,121018.28423500003
2023-12-20 00:00:00-05:00,121203.16135500002
2023-12-21 00:00:00-05:00,121203.16135500002
2023-12-22 00:00:00-05:00,118085.27135500003
2023-12-25 00:00:00-05:00,116555.58135500003
2023-12-26 00:00:00-05:00,114851.90135500004
2023-12-27 00:00:00-05:00,111539.22135500002
2023-12-28 00:00:00-05:00,112141.97135500002
2023-12-29 00:00:00-05:00,109718.21135500004
2024-01-01 00:00:00-05:00,109442.861355
2024-01-02 00:00:00-05:00,108437.17135500003
2024-01-03 00:00:00-05:00,112183.741355
2024-01-04 00:00:00-05:00,115604.71135500004
2024-01-05 00:00:00-05:00,116558.70135500003
2024-01-08 00:00:00-05:00,117822.71135500004
2024-01-09 00:00:00-05:00,113251.54135500002
2024-01-10 00:00:00-05:00,114442.021355
2024-01-11 00:00:00-05:00,113660.10135499999
2024-01-12 00:00:00-05:00,115007.93135500001
2024-01-15 00:00:00-05:00,117512.861355
2024-01-16 00:00:00-05:00,114620.42135500003
2024-01-17 00:00:00-05:00,111034.991355
2024-01-18 00:00:00-05:00,110891.90135500004
2024-01-19 00:00:00-05:00,113670.981355
2024-01-22 00:00:00-05:00,113732.111355
2024-01-23 00:00:00-05:00,110190.461355
2024-01-24 00:00:00-05:00,108985.731355
2024-01-25 00:00:00-05:00,108985.731355
2024-01-26 00:00:00-05:00,107592.12135500001
2024-01-29 00:00:00-05:00,104743.24135500003
2024-01-30 00:00:00-05:00,107809.19135500002
2024-01-31 00:00:00-05:00,110360.551355
2024-02-01 00:00:00-05:00,110383.50135500001
2024-02-02 00:00:00-05:00,108314.62135500001
2024-02-05 00:00:00-05:00,110662.38135500002
2024-02-06 00:00:00-05:00,109362.84135500001
2024-02-07 00:00:00-05:00,107849.78135500001
2024-02-08 00:00:00-05:00,103448.68135500001
2024-02-09 00:00:00-05:00,102657.99135500003
2024-02-12 00:00:00-05:00,106656.63135500002
2024-02-13 00:00:00-05:00,105635.66135500002
2024-02-14 00:00:00-05:00,103460.38135500002
2024-02-15 00:00:00-05:00,101776.00135500001
2024-02-16 00:00:00-05:00,105141.83135500003
2024-02-19 00:00:00-05:00,108974.291355
2024-02-20 00:00:00-05:00,110625.10135500002
2024-02-21 00:00:00-05:00,112527.40135500004
2024-02-22 00:00:00-05:00,112234.861355
2024-02-23 00:00:00-05:00,114379.10135499999
2024-02-26 00:00:00-05:00,112479.98135500003
2024-02-27 00:00:00-05:00,115039.57135500002
2024-02-28 00:00:00-05:00,115327.07135500002
2024-02-29 00:00:00-05:00,116894.70135500003
2024-03-01 00:00:00-05:00,119000.07135500002
2024-03-04 00:00:00-05:00,117778.59135500001
2024-03-05 00:00:00-05:00,114672.14132000004
2024-03-06 00:00:00-05:00,114774.70132000004
2024-03-07 00:00:00-05:00,117986.22132000003
2024-03-08 00:00:00-05:00,114085.54132000003
2024-03-11 00:00:00-04:00,110601.74132000002
2024-03-12 00:00:00-04:00,111406.10132000003
2024-03-13 00:00:00-04:00,109608.50132000002
2024-03-14 00:00:00-04:00,105230.86132000004
2024-03-15 00:00:00-04:00,104395.38132000003
2024-03-18 00:00:00-04:00,107717.86132000004
2024-03-19 00:00:00-04:00,103963.30132000004
2024-03-20 00:00:00-04:00,103963.30132000004
2024-03-21 00:00:00-04:00,104086.26132000003
2024-03-22 00:00:00-04:00,108112.62132000002
2024-03-25 00:00:00-04:00,106496.90132000002
2024-03-26 00:00:00-04:00,102728.06132000002
2024-03-27 00:00:00-04:00,97135.18132000002
2024-03-28 00:00:00-04:00,99008.58132000004
2024-03-29 00:00:00-04:00,92198.78132000005
2024-04-01 00:00:00-04:00,92368.74132000002
2024-04-02 00:00:00-04:00,98360.50132000002
2024-04-03 00:00:00-04:00,90015.82132000003
2024-04-04 00:00:00-04:00,92210.86132000007
2024-04-05 00:00:00-04:00,92777.82132000003
2024-04-08 00:00:00-04:00,99148.86132000004
2024-04-09 00:00:00-04:00,90381.46132000005
2024-04-10 00:00:00-04:00,88638.78132000002
2024-04-11 00:00:00-04:00,81746.90132000005
2024-04-12 00:00:00-04:00,83068.82132000003
2024-04-15 00:00:00-04:00,78810.18132000002
2024-04-16 00:00:00-04:00,78500.38132000003
2024-04-17 00:00:00-04:00,84069.26132000003
2024-04-18 00:00:00-04:00,82607.54132
2024-04-19 00:00:00-04:00,86965.58132000004
2024-04-22 00:00:00-04:00,78380.22132000003
2024-04-23 00:00:00-04:00,77320.38132000003
2024-01-26 00:00:00-05:00,101851.22132000003
2024-01-29 00:00:00-05:00,102474.74003000004
2024-01-30 00:00:00-05:00,103406.11003000004
2024-01-31 00:00:00-05:00,104176.35003000003
2024-02-01 00:00:00-05:00,104184.48003000004
2024-02-02 00:00:00-05:00,103558.64003000004
2024-02-05 00:00:00-05:00,104268.48003000004
2024-02-06 00:00:00-05:00,103873.38003000003
2024-02-07 00:00:00-05:00,103098.13007500005
2024-02-08 00:00:00-05:00,98987.05007500005
2024-02-09 00:00:00-05:00,98252.80007500005
2024-02-12 00:00:00-05:00,101989.96007500004
2024-02-13 00:00:00-05:00,101031.28007500005
2024-02-14 00:00:00-05:00,98995.03007500005
2024-02-15 00:00:00-05:00,97412.86007500005
2024-02-16 00:00:00-05:00,100559.68007500004
2024-02-19 00:00:00-05:00,104147.59007500004
2024-02-20 00:00:00-05:00,105686.35007500005
2024-02-21 00:00:00-05:00,108008.88507500006
2024-02-22 00:00:00-05:00,107688.91917500005
2024-02-23 00:00:00-05:00,110219.65103500006
2024-02-26 00:00:00-05:00,107688.19348000005
2024-02-27 00:00:00-05:00,111527.10348000008
2024-02-28 00:00:00-05:00,111942.40348000007
2024-02-29 00:00:00-05:00,114303.95348000005
2024-03-01 00:00:00-05:00,117459.56348000004
2024-03-04 00:00:00-05:00,115622.60348000005
2024-03-05 00:00:00-05:00,112643.00348000004
2024-03-06 00:00:00-05:00,112732.57348000005
2024-03-07 00:00:00-05:00,115818.84348000007
2024-03-08 00:00:00-05:00,112078.51348000005
2024-03-11 00:00:00-04:00,109197.80159500004
2024-03-12 00:00:00-04:00,109433.53119500005
2024-03-13 00:00:00-04:00,108997.18119500004
2024-03-14 00:00:00-04:00,107636.52119500004
2024-03-15 00:00:00-04:00,107686.85975500004
2024-03-18 00:00:00-04:00,108348.71975500006
2024-03-19 00:00:00-04:00,107235.75148000004
2024-03-20 00:00:00-04:00,107600.63975500004
2024-03-21 00:00:00-04:00,107625.13975500004
2024-03-22 00:00:00-04:00,108426.26975500004
2024-03-25 00:00:00-04:00,107953.93869500005
2024-03-26 00:00:00-04:00,106798.42869500005
2024-03-27 00:00:00-04:00,105630.89445000005
2024-03-28 00:00:00-04:00,106004.43445000006
2024-03-29 00:00:00-04:00,104649.91445000005
2024-04-01 00:00:00-04:00,104682.89445000005
2024-04-02 00:00:00-04:00,105875.06445000006
2024-04-03 00:00:00-04:00,104215.82445000004
2024-04-04 00:00:00-04:00,104653.89445000005
2024-04-05 00:00:00-04:00,104765.83445000005
2024-04-08 00:00:00-04:00,106032.05445000005
2024-04-09 00:00:00-04:00,104287.45445000005
2024-04-10 00:00:00-04:00,103940.14445000005
2024-04-11 00:00:00-04:00,102569.88445000004
2024-04-12 00:00:00-04:00,102834.25445000005
2024-04-15 00:00:00-04:00,101985.81445000005
2024-04-16 00:00:00-04:00,101924.04445000004
2024-04-17 00:00:00-04:00,103032.47445000005
2024-04-18 00:00:00-04:00,102740.73445000005
2024-04-19 00:00:00-04:00,103607.30445000005
2024-04-22 00:00:00-04:00,101900.39445000005
2024-04-23 00:00:00-04:00,101690.03445000004
2024-04-24 00:00:00-04:00,101643.29445000004
2024-04-25 00:00:00-04:00,102286.01445000005
2024-04-26 00:00:00-04:00,101759.93445000006
2024-04-29 00:00:00-04:00,102172.19445000005
2024-04-30 00:00:00-04:00,103045.58445000005
2024-05-01 00:00:00-04:00,104119.15445000006
2024-05-02 00:00:00-04:00,104119.15445000006
2024-05-03 00:00:00-04:00,103957.29445000004
2024-05-06 00:00:00-04:00,103657.89445000005
2024-05-07 00:00:00-04:00,104541.07445000004
2024-05-08 00:00:00-04:00,103715.69445000005
2024-05-09 00:00:00-04:00,103837.91445000005
2024-05-10 00:00:00-04:00,104189.16445000004
2024-05-13 00:00:00-04:00,103836.17445000005
2024-05-14 00:00:00-04:00,102864.09445000005
2024-05-15 00:00:00-04:00,101661.21445000006
2024-05-16 00:00:00-04:00,100131.58445000005
2024-05-17 00:00:00-04:00,100107.84445000006
2024-05-20 00:00:00-04:00,100783.97445000004
2024-05-21 00:00:00-04:00,99485.56445000005
2024-05-22 00:00:00-04:00,99648.94445000004
2024-05-23 00:00:00-04:00,99648.94445000004
2024-05-24 00:00:00-04:00,100480.81445000005
2024-05-27 00:00:00-04:00,100423.16445000005
2024-05-28 00:00:00-04:00,100854.30445000005
2024-05-29 00:00:00-04:00,102026.62445000006
2024-05-30 00:00:00-04:00,101823.34445000006
2024-05-31 00:00:00-04:00,100898.71445000006
2024-06-03 00:00:00-04:00,100899.69445000004
2024-06-04 00:00:00-04:00,100536.65445000006
2024-06-05 00:00:00-04:00,100841.02445000006
2024-06-06 00:00:00-04:00,100841.02445000006
2024-06-07 00:00:00-04:00,101170.21445000006
2024-06-10 00:00:00-04:00,101344.37445000006
2024-06-11 00:00:00-04:00,101996.87445000006
2024-06-12 00:00:00-04:00,102004.08445000005
2024-06-13 00:00:00-04:00,101406.05445000005
2024-06-14 00:00:00-04:00,101072.05445000005
2024-06-17 00:00:00-04:00,100940.06445000005
2024-06-18 00:00:00-04:00,100958.12445000006
2024-06-19 00:00:00-04:00,101621.88445000004
2024-06-20 00:00:00-04:00,101318.57445000004
2024-06-21 00:00:00-04:00,102356.83445000005
2024-06-24 00:00:00-04:00,102765.36445000005
2024-06-25 00:00:00-04:00,103223.67445000005
2024-06-26 00:00:00-04:00,102717.28445000005
2024-06-27 00:00:00-04:00,102635.40445000006
2024-06-28 00:00:00-04:00,102050.86445000005
2024-07-01 00:00:00-04:00,103296.90445000006
2024-07-02 00:00:00-04:00,103719.90445000006
2024-07-03 00:00:00-04:00,104350.15445000006
2024-07-04 00:00:00-04:00,104280.00445000004
2024-07-05 00:00:00-04:00,104092.58445000005
2024-07-08 00:00:00-04:00,104921.46445000006
2024-07-09 00:00:00-04:00,105000.13445000004
2024-07-10 00:00:00-04:00,104804.88445000004
2024-07-11 00:00:00-04:00,104718.40445000006
2024-07-12 00:00:00-04:00,104418.25445000005
2024-07-15 00:00:00-04:00,105372.82445000004
2024-07-16 00:00:00-04:00,105259.97445000004
2024-07-17 00:00:00-04:00,105986.16445000005
2024-07-18 00:00:00-04:00,106233.51445000005
2024-07-19 00:00:00-04:00,106341.72670000004
2024-04-24 00:00:00-04:00,95659.15670000005
2024-04-25 00:00:00-04:00,96629.81109500006
2024-04-26 00:00:00-04:00,96078.77109500006
2024-04-29 00:00:00-04:00,96507.11109500006
2024-04-30 00:00:00-04:00,97412.78109500006
2024-05-01 00:00:00-04:00,98525.43109500005
2024-05-02 00:00:00-04:00,98525.43109500005
2024-05-03 00:00:00-04:00,98360.29109500005
2024-05-06 00:00:00-04:00,98051.77109500006
2024-05-07 00:00:00-04:00,98968.47109500006
2024-05-08 00:00:00-04:00,98110.37109500005
2024-05-09 00:00:00-04:00,98236.67109500006
2024-05-10 00:00:00-04:00,98598.52109500006
2024-05-13 00:00:00-04:00,98236.61109500006
2024-05-14 00:00:00-04:00,97231.57109500005
2024-05-15 00:00:00-04:00,94804.72681000005
2024-05-16 00:00:00-04:00,89969.98681000006
2024-05-17 00:00:00-04:00,89902.87681000007
2024-05-20 00:00:00-04:00,92050.60681000006
2024-05-21 00:00:00-04:00,87946.57681000006
2024-05-22 00:00:00-04:00,88483.84681000008
2024-05-23 00:00:00-04:00,88483.84681000008
2024-05-24 00:00:00-04:00,91102.93681000007
2024-05-27 00:00:00-04:00,90921.79681000006
2024-05-28 00:00:00-04:00,92288.92681000006
2024-05-29 00:00:00-04:00,95988.34681000008
2024-05-30 00:00:00-04:00,95341.63681000005
2024-05-31 00:00:00-04:00,92410.27681000007
2024-06-03 00:00:00-04:00,92416.18681000007
2024-06-04 00:00:00-04:00,91264.99681000007
2024-06-05 00:00:00-04:00,92217.82681000006
2024-06-06 00:00:00-04:00,92217.82681000006
2024-06-07 00:00:00-04:00,93280.00681000005
2024-06-10 00:00:00-04:00,93833.95681000006
2024-06-11 00:00:00-04:00,95901.37681000007
2024-06-12 00:00:00-04:00,95927.59681000008
2024-06-13 00:00:00-04:00,94025.53681000008
2024-06-14 00:00:00-04:00,92971.33681000007
2024-06-17 00:00:00-04:00,92560.51681000006
2024-06-18 00:00:00-04:00,92627.23681000006
2024-06-19 00:00:00-04:00,94718.17681000006
2024-06-20 00:00:00-04:00,93761.65681000007
2024-06-21 00:00:00-04:00,97040.89681000006
2024-06-24 00:00:00-04:00,98801.50666000004
2024-06-25 00:00:00-04:00,101135.64238000006
2024-06-26 00:00:00-04:00,98594.92238000006
2024-06-27 00:00:00-04:00,98179.40238000007
2024-06-28 00:00:00-04:00,95248.36238000006
2024-07-01 00:00:00-04:00,99994.60114000007
2024-07-02 00:00:00-04:00,102012.78539000006
2024-07-03 00:00:00-04:00,105162.83539000008
2024-07-04 00:00:00-04:00,104816.20539000008
2024-07-05 00:00:00-04:00,103843.57879000007
2024-07-08 00:00:00-04:00,107462.90614000005
2024-07-09 00:00:00-04:00,107865.31614000008
2024-07-10 00:00:00-04:00,105609.69536000007
2024-07-11 00:00:00-04:00,105515.05536000007
2024-07-12 00:00:00-04:00,105186.56536000007
2024-07-15 00:00:00-04:00,106228.79536000008
2024-07-16 00:00:00-04:00,105912.15566000008
2024-07-17 00:00:00-04:00,107131.24566000007
2024-07-18 00:00:00-04:00,107781.80357000008
2024-07-19 00:00:00-04:00,107762.00357000007
2024-07-22 00:00:00-04:00,106867.06357000007
2024-07-23 00:00:00-04:00,107026.22371000008
2024-07-24 00:00:00-04:00,105804.56349000009
2024-07-25 00:00:00-04:00,103910.03274000007
2024-07-26 00:00:00-04:00,103827.52909000007
2024-07-29 00:00:00-04:00,103953.58909000007
2024-07-30 00:00:00-04:00,104613.20909000006
2024-07-31 00:00:00-04:00,102150.00800000007
2024-08-01 00:00:00-04:00,101635.67620000006
2024-08-02 00:00:00-04:00,101190.93620000005
2024-08-05 00:00:00-04:00,100923.93620000005
2024-08-06 00:00:00-04:00,100994.51620000006
2024-08-07 00:00:00-04:00,100506.33620000006
2024-08-08 00:00:00-04:00,100506.33620000006
2024-08-09 00:00:00-04:00,100292.41620000007
2024-08-12 00:00:00-04:00,101034.13620000007
2024-08-13 00:00:00-04:00,101266.43620000005
2024-08-14 00:00:00-04:00,102011.05620000006
2024-08-15 00:00:00-04:00,102470.45620000006
2024-08-16 00:00:00-04:00,100452.31620000006
2024-08-19 00:00:00-04:00,100681.09620000006
2024-08-20 00:00:00-04:00,100131.71620000007
2024-08-21 00:00:00-04:00,100123.16866000007
2024-08-22 00:00:00-04:00,100949.44866000008
2024-08-23 00:00:00-04:00,99771.12866000007
2024-08-26 00:00:00-04:00,97650.56866000008
2024-08-27 00:00:00-04:00,96430.12866000007
2024-08-28 00:00:00-04:00,94503.52866000007
2024-08-29 00:00:00-04:00,93698.56866000008
2024-08-30 00:00:00-04:00,93576.36866000007
2024-09-02 00:00:00-04:00,95827.44866000005
2024-09-03 00:00:00-04:00,92941.44866000008
2024-09-04 00:00:00-04:00,91107.40866000007
2024-09-05 00:00:00-04:00,93882.64866000006
2024-09-06 00:00:00-04:00,97443.60866000009
2024-09-09 00:00:00-04:00,97275.12866000007
2024-09-10 00:00:00-04:00,96666.67543000006
2024-09-11 00:00:00-04:00,95400.22543000005
2024-09-12 00:00:00-04:00,95073.34543000004
2024-09-13 00:00:00-04:00,94704.52543000007
2024-09-16 00:00:00-04:00,94638.13543000005
2024-09-17 00:00:00-04:00,95543.08543000006
2024-09-18 00:00:00-04:00,94560.22543000005
2024-09-19 00:00:00-04:00,95623.00543000005
2024-09-20 00:00:00-04:00,95989.78543000005
2024-09-23 00:00:00-04:00,95787.34543000004
2024-09-24 00:00:00-04:00,95534.53543000005
2024-09-25 00:00:00-04:00,96422.80543000007
2024-09-26 00:00:00-04:00,96865.45543000006
2024-09-27 00:00:00-04:00,97571.44543000005
2024-09-30 00:00:00-04:00,96990.22543000005
2024-10-01 00:00:00-04:00,96537.04543000006
2024-10-02 00:00:00-04:00,97574.23543000006
2024-10-03 00:00:00-04:00,97205.29543000006
2024-10-04 00:00:00-04:00,96923.14543000006
2024-10-07 00:00:00-04:00,95780.32543000006
2024-10-08 00:00:00-04:00,95225.35543000005
2024-10-09 00:00:00-04:00,95786.80543000007
2024-10-10 00:00:00-04:00,96171.19543000005
2024-10-11 00:00:00-04:00,96410.29543000006
2024-10-14 00:00:00-04:00,95579.74543000005
2024-10-15 00:00:00-04:00,97968.97543000005
2024-10-16 00:00:00-04:00,98523.28543000005
2024-07-22 00:00:00-04:00,102754.99543000005
2024-07-23 00:00:00-04:00,102967.27030000005
2024-07-24 00:00:00-04:00,101447.47030000004
2024-07-25 00:00:00-04:00,99639.19255000007
2024-07-26 00:00:00-04:00,99560.19955000005
2024-07-29 00:00:00-04:00,99680.88955000005
2024-07-30 00:00:00-04:00,100312.11955000005
2024-07-31 00:00:00-04:00,91440.57810500008
2024-08-01 00:00:00-04:00,89558.0081050001
2024-08-02 00:00:00-04:00,87049.45810500006
2024-08-05 00:00:00-04:00,85542.71810500007
2024-08-06 00:00:00-04:00,85941.86810500009
2024-08-07 00:00:00-04:00,83189.59810500007
2024-08-08 00:00:00-04:00,83189.59810500007
2024-08-09 00:00:00-04:00,81984.23810500008
2024-08-12 00:00:00-04:00,86167.21810500007
2024-08-13 00:00:00-04:00,87478.06810500007
2024-08-14 00:00:00-04:00,91675.79810500008
2024-08-15 00:00:00-04:00,94266.6581050001
2024-08-16 00:00:00-04:00,82887.60810500008
2024-08-19 00:00:00-04:00,84176.53810500007
2024-08-20 00:00:00-04:00,81079.66810500008
2024-08-21 00:00:00-04:00,79128.80810500009
2024-08-22 00:00:00-04:00,80616.80810500009
2024-08-23 00:00:00-04:00,78493.90810500007
2024-08-26 00:00:00-04:00,74679.73810500008
2024-08-27 00:00:00-04:00,72487.83810500009
2024-08-28 00:00:00-04:00,69021.66810500008
2024-08-29 00:00:00-04:00,67568.60810500008
2024-08-30 00:00:00-04:00,67346.22810500007
2024-09-02 00:00:00-04:00,71395.33810500006
2024-09-03 00:00:00-04:00,66210.9481050001
2024-09-04 00:00:00-04:00,62913.00810500007
2024-09-05 00:00:00-04:00,67907.86810500009
2024-09-06 00:00:00-04:00,74313.34810500007
2024-09-09 00:00:00-04:00,74008.65810500007
2024-09-10 00:00:00-04:00,72084.16810500008
2024-09-11 00:00:00-04:00,65183.27810500009
2024-09-12 00:00:00-04:00,63401.3781050001
2024-09-13 00:00:00-04:00,61398.27810500006
2024-09-16 00:00:00-04:00,61030.948105000105
2024-09-17 00:00:00-04:00,65979.33810500009
2024-09-18 00:00:00-04:00,60621.438105000096
2024-09-19 00:00:00-04:00,66416.51810500008
2024-09-20 00:00:00-04:00,68426.47810500007
2024-09-23 00:00:00-04:00,67314.89810500009
2024-09-24 00:00:00-04:00,65928.4481050001
2024-09-25 00:00:00-04:00,70782.4981050001
2024-09-26 00:00:00-04:00,73202.76810500008
2024-09-27 00:00:00-04:00,77051.87810500007
2024-09-30 00:00:00-04:00,73901.29810500008
2024-10-01 00:00:00-04:00,71446.7181050001
2024-10-02 00:00:00-04:00,77102.88810500008
2024-10-03 00:00:00-04:00,75094.48810500008
2024-10-04 00:00:00-04:00,73562.57810500008
2024-10-07 00:00:00-04:00,67333.09810500007
2024-10-08 00:00:00-04:00,64315.228105000075
2024-10-09 00:00:00-04:00,67380.9381050001
2024-10-10 00:00:00-04:00,69479.34810500007
2024-10-11 00:00:00-04:00,70782.9481050001
2024-10-14 00:00:00-04:00,66248.11810500009
2024-10-15 00:00:00-04:00,79275.1281050001
2024-10-16 00:00:00-04:00,82289.09810500007
2024-10-17 00:00:00-04:00,80394.80810500009
2024-10-18 00:00:00-04:00,82813.96810500007
2024-10-21 00:00:00-04:00,80488.19810500008
2024-10-22 00:00:00-04:00,79912.03810500007
2024-10-23 00:00:00-04:00,80422.31810500007
2024-10-24 00:00:00-04:00,78927.76810500005
2024-10-25 00:00:00-04:00,81936.75810500007
2024-10-28 00:00:00-04:00,83714.6881050001
2024-10-29 00:00:00-04:00,83714.6881050001
2024-10-30 00:00:00-04:00,82984.3181050001
2024-10-31 00:00:00-04:00,79605.54810500008
2024-11-01 00:00:00-04:00,78619.16810500008
2024-11-04 00:00:00-05:00,86887.60810500008
2024-11-05 00:00:00-05:00,86936.26810500008
2024-11-06 00:00:00-05:00,86369.1881050001
2024-11-07 00:00:00-05:00,82476.01810500005
2024-11-08 00:00:00-05:00,78634.77810500006
2024-11-11 00:00:00-05:00,78018.51810500008
2024-11-12 00:00:00-05:00,80121.8781050001
2024-11-13 00:00:00-05:00,78612.6881050001
2024-11-14 00:00:00-05:00,81530.63810500005
2024-11-15 00:00:00-05:00,83524.26810500008
2024-11-18 00:00:00-05:00,82003.01810500005
2024-11-19 00:00:00-05:00,75669.08810500006
2024-11-20 00:00:00-05:00,72889.76810500005
2024-11-21 00:00:00-05:00,70300.51810500005
2024-11-22 00:00:00-05:00,70369.76810500011
2024-11-25 00:00:00-05:00,73430.64810500009
2024-11-26 00:00:00-05:00,69389.32810500008
2024-11-27 00:00:00-05:00,70231.6981050001
2024-11-28 00:00:00-05:00,70231.6981050001
2024-11-29 00:00:00-05:00,68401.98810500008
2024-12-02 00:00:00-05:00,65769.48810500008
2024-12-03 00:00:00-05:00,70040.36810500009
2024-12-04 00:00:00-05:00,69695.17810500009
2024-12-05 00:00:00-05:00,69695.17810500009
2024-12-06 00:00:00-05:00,68571.7481050001
2024-12-09 00:00:00-05:00,69871.22810500007
2024-12-10 00:00:00-05:00,67088.32810500005
2024-12-11 00:00:00-05:00,72229.04810500008
2024-12-12 00:00:00-05:00,72812.32810500011
2024-12-13 00:00:00-05:00,74431.67810500009
2024-12-16 00:00:00-05:00,77580.81810500007
2024-12-17 00:00:00-05:00,78544.83810500006
2024-12-18 00:00:00-05:00,79692.97810500007
2024-12-19 00:00:00-05:00,79692.97810500007
2024-12-20 00:00:00-05:00,79697.85810500008
2024-12-23 00:00:00-05:00,76562.75810500007
2024-12-24 00:00:00-05:00,74743.37810500007
2024-12-25 00:00:00-05:00,79585.92810500009
2024-12-26 00:00:00-05:00,83260.05810500006
2024-12-27 00:00:00-05:00,82919.47810500007
2024-12-30 00:00:00-05:00,82724.48810500008
2024-12-31 00:00:00-05:00,86050.99810500006
2024-10-17 00:00:00-04:00,80394.80810500009
2024-10-18 00:00:00-04:00,84449.34311500005
2024-10-21 00:00:00-04:00,84114.44311500006
2024-10-22 00:00:00-04:00,84032.02311500005
2024-10-23 00:00:00-04:00,84104.16311500005
2024-10-24 00:00:00-04:00,83888.34311500005
2024-10-25 00:00:00-04:00,84319.98311500005
2024-10-28 00:00:00-04:00,84575.76311500005
2024-10-29 00:00:00-04:00,84722.62549000005
2024-10-30 00:00:00-04:00,84611.47549000004
2024-10-31 00:00:00-04:00,83774.23549000005
2024-11-01 00:00:00-04:00,83648.03081500005
2024-11-04 00:00:00-05:00,84861.59081500005
2024-11-05 00:00:00-05:00,84787.11718000004
2024-11-06 00:00:00-05:00,84680.22718000005
2024-11-07 00:00:00-05:00,83734.32718000004
2024-11-08 00:00:00-05:00,83177.87210000005
2024-11-11 00:00:00-05:00,83088.30210000006
2024-11-12 00:00:00-05:00,83393.86210000006
2024-11-13 00:00:00-05:00,83174.76210000005
2024-11-14 00:00:00-05:00,83598.39210000006
2024-11-15 00:00:00-05:00,83887.99210000005
2024-11-18 00:00:00-05:00,83541.70024000005
2024-11-19 00:00:00-05:00,82361.83489000006
2024-11-20 00:00:00-05:00,81952.15489000005
2024-11-21 00:00:00-05:00,81572.65489000005
2024-11-22 00:00:00-05:00,81583.15489000006
2024-11-25 00:00:00-05:00,82033.27489000006
2024-11-26 00:00:00-05:00,81440.59489000005
2024-11-27 00:00:00-05:00,81564.97489000006
2024-11-28 00:00:00-05:00,81564.97489000006
2024-11-29 00:00:00-05:00,81297.43489000005
2024-12-02 00:00:00-05:00,80910.43489000006
2024-12-03 00:00:00-05:00,83339.18346000009
2024-12-04 00:00:00-05:00,83026.26346000007
2024-12-05 00:00:00-05:00,83026.26346000007
2024-12-06 00:00:00-05:00,81963.5434600001
2024-12-09 00:00:00-05:00,83396.88664000006
2024-12-10 00:00:00-05:00,82959.16664000005
2024-12-11 00:00:00-05:00,83764.98664000005
2024-12-12 00:00:00-05:00,83861.88664000007
2024-12-13 00:00:00-05:00,84115.81664000006
2024-12-16 00:00:00-05:00,84611.21664000006
2024-12-17 00:00:00-05:00,84763.19664000005
2024-12-18 00:00:00-05:00,84944.99664000006
2024-12-19 00:00:00-05:00,85202.57209000006
2024-12-20 00:00:00-05:00,85166.53209000005
2024-12-23 00:00:00-05:00,84334.11209000005
2024-12-24 00:00:00-05:00,83940.52481000006
2024-12-25 00:00:00-05:00,84711.17481000006
2024-12-26 00:00:00-05:00,85298.50481000006
2024-12-27 00:00:00-05:00,85303.41449000005
2024-12-30 00:00:00-05:00,85278.77449000007
2024-12-31 00:00:00-05:00,86043.38449000005
