timestamp,regime,probability,is_confirmed,is_flickering
2022-11-11 00:00:00-05:00,STRONG_BEAR,0.9999998386300795,True,False
2022-11-14 00:00:00-05:00,STRONG_BEAR,1.0,True,False
2022-11-15 00:00:00-05:00,STRONG_BEAR,1.0,True,False
2022-11-16 00:00:00-05:00,STRONG_BEAR,0.9999999999999984,True,False
2022-11-17 00:00:00-05:00,STRONG_BEAR,0.9985035179136,True,False
2022-11-18 00:00:00-05:00,STRONG_BEAR,0.9986699224609936,True,False
2022-11-21 00:00:00-05:00,STRONG_BEAR,0.9999999855043707,True,False
2022-11-22 00:00:00-05:00,STRONG_BEAR,0.9999993444527354,True,False
2022-11-23 00:00:00-05:00,STRONG_BEAR,0.9999999998627895,True,False
2022-11-24 00:00:00-05:00,STRONG_BEAR,0.9999999999999994,True,False
2022-11-25 00:00:00-05:00,STRONG_BEAR,0.9999999899109102,True,False
2022-11-28 00:00:00-05:00,STRONG_BEAR,0.9999971116109357,True,False
2022-11-29 00:00:00-05:00,STRONG_BEAR,0.999795741907149,True,False
2022-11-30 00:00:00-05:00,STRONG_BEAR,1.0,True,False
2022-12-01 00:00:00-05:00,STRONG_BEAR,0.9999999999992398,True,False
2022-12-02 00:00:00-05:00,STRONG_BEAR,0.99999999986619,True,False
2022-12-05 00:00:00-05:00,STRONG_BEAR,0.9999999999999969,True,False
2022-12-06 00:00:00-05:00,STRONG_BEAR,1.0,True,False
2022-12-07 00:00:00-05:00,STRONG_BEAR,1.0,True,False
2022-12-08 00:00:00-05:00,STRONG_BEAR,1.0,True,False
2022-12-09 00:00:00-05:00,STRONG_BEAR,1.0,True,False
2022-12-12 00:00:00-05:00,STRONG_BEAR,1.0,True,False
2022-12-13 00:00:00-05:00,STRONG_BEAR,1.0,True,False
2022-12-14 00:00:00-05:00,STRONG_BEAR,1.0,True,False
2022-12-15 00:00:00-05:00,STRONG_BEAR,1.0,True,False
2022-12-16 00:00:00-05:00,STRONG_BEAR,1.0,True,False
2022-12-19 00:00:00-05:00,STRONG_BEAR,1.0,True,False
2022-12-20 00:00:00-05:00,STRONG_BEAR,1.0,True,False
2022-12-21 00:00:00-05:00,STRONG_BEAR,1.0,True,False
2022-12-22 00:00:00-05:00,STRONG_BEAR,1.0,True,False
2022-12-23 00:00:00-05:00,STRONG_BEAR,1.0,True,False
2022-12-26 00:00:00-05:00,STRONG_BEAR,1.0,True,False
2022-12-27 00:00:00-05:00,STRONG_BEAR,1.0,True,False
2022-12-28 00:00:00-05:00,STRONG_BEAR,1.0,True,False
2022-12-29 00:00:00-05:00,STRONG_BEAR,1.0,True,False
2022-12-30 00:00:00-05:00,STRONG_BEAR,1.0,True,False
2023-01-02 00:00:00-05:00,STRONG_BEAR,1.0,True,False
2023-01-03 00:00:00-05:00,STRONG_BEAR,1.0,True,False
2023-01-04 00:00:00-05:00,STRONG_BEAR,1.0,True,False
2023-01-05 00:00:00-05:00,STRONG_BEAR,1.0,True,False
2023-01-06 00:00:00-05:00,STRONG_BEAR,1.0,True,False
2023-01-09 00:00:00-05:00,STRONG_BEAR,1.0,True,False
2023-01-10 00:00:00-05:00,STRONG_BEAR,1.0,True,False
2023-01-11 00:00:00-05:00,STRONG_BEAR,1.0,True,False
2023-01-12 00:00:00-05:00,STRONG_BEAR,1.0,True,False
2023-01-13 00:00:00-05:00,STRONG_BEAR,1.0,True,False
2023-01-16 00:00:00-05:00,STRONG_BEAR,1.0,True,False
2023-01-17 00:00:00-05:00,STRONG_BEAR,1.0,True,False
2023-01-18 00:00:00-05:00,STRONG_BEAR,1.0,True,False
2023-01-19 00:00:00-05:00,STRONG_BEAR,1.0,True,False
2023-01-20 00:00:00-05:00,STRONG_BEAR,1.0,True,False
2023-01-23 00:00:00-05:00,STRONG_BEAR,1.0,True,False
2023-01-24 00:00:00-05:00,STRONG_BEAR,1.0,True,False
2023-01-25 00:00:00-05:00,STRONG_BEAR,1.0,True,False
2023-01-26 00:00:00-05:00,STRONG_BEAR,1.0,True,False
2023-01-27 00:00:00-05:00,STRONG_BEAR,1.0,True,False
2023-01-30 00:00:00-05:00,STRONG_BEAR,1.0,True,False
2023-01-31 00:00:00-05:00,STRONG_BEAR,1.0,True,False
2023-02-01 00:00:00-05:00,STRONG_BEAR,1.0,True,False
2023-02-02 00:00:00-05:00,STRONG_BEAR,1.0,True,False
2023-02-03 00:00:00-05:00,STRONG_BEAR,1.0,True,False
2023-02-06 00:00:00-05:00,STRONG_BEAR,1.0,True,False
2023-02-07 00:00:00-05:00,STRONG_BEAR,1.0,True,False
2023-02-08 00:00:00-05:00,STRONG_BEAR,1.0,True,False
2023-02-09 00:00:00-05:00,STRONG_BEAR,1.0,True,False
2023-02-10 00:00:00-05:00,STRONG_BEAR,1.0,True,False
2023-02-13 00:00:00-05:00,STRONG_BEAR,1.0,True,False
2023-02-14 00:00:00-05:00,STRONG_BEAR,1.0,True,False
2023-02-15 00:00:00-05:00,STRONG_BEAR,0.9999999997667611,True,False
2023-02-16 00:00:00-05:00,STRONG_BEAR,0.9988763962101498,True,False
2023-02-17 00:00:00-05:00,STRONG_BEAR,0.9876839984851836,False,False
2023-02-20 00:00:00-05:00,STRONG_BEAR,0.9999999363548522,False,False
2023-02-21 00:00:00-05:00,WEAK_BEAR,0.9999999861702235,True,False
2023-02-22 00:00:00-05:00,WEAK_BEAR,0.9999999999965279,True,False
2023-02-23 00:00:00-05:00,WEAK_BEAR,0.9999999999999108,True,False
2023-02-24 00:00:00-05:00,WEAK_BEAR,0.9999999999999709,True,False
2023-02-27 00:00:00-05:00,WEAK_BEAR,0.9999999999999987,True,False
2023-02-28 00:00:00-05:00,WEAK_BEAR,0.9999999999999156,True,False
2023-03-01 00:00:00-05:00,WEAK_BEAR,1.0,True,False
2023-03-02 00:00:00-05:00,WEAK_BEAR,1.0,True,False
2023-03-03 00:00:00-05:00,WEAK_BEAR,0.9999999999999963,True,False
2023-03-06 00:00:00-05:00,WEAK_BEAR,1.0,True,False
2023-03-07 00:00:00-05:00,WEAK_BEAR,0.9999999999999998,True,False
2023-03-08 00:00:00-05:00,WEAK_BEAR,1.0,True,False
2023-03-09 00:00:00-05:00,WEAK_BEAR,1.0,True,False
2023-03-10 00:00:00-05:00,WEAK_BEAR,0.9999999998488533,True,False
2023-03-13 00:00:00-04:00,WEAK_BEAR,0.9999935771753727,False,False
2023-03-14 00:00:00-04:00,WEAK_BEAR,0.9999999999956295,False,False
2023-03-15 00:00:00-04:00,STRONG_BEAR,1.0,True,False
2023-03-16 00:00:00-04:00,STRONG_BEAR,1.0,True,False
2023-03-17 00:00:00-04:00,STRONG_BEAR,1.0,True,False
2023-03-20 00:00:00-04:00,STRONG_BEAR,1.0,True,False
2023-03-21 00:00:00-04:00,STRONG_BEAR,1.0,True,False
2023-03-22 00:00:00-04:00,STRONG_BEAR,1.0,True,False
2023-03-23 00:00:00-04:00,STRONG_BEAR,0.9999999999999047,True,False
2023-03-24 00:00:00-04:00,STRONG_BEAR,0.9999999997713006,True,False
2023-03-27 00:00:00-04:00,STRONG_BEAR,0.9999883557778172,True,False
2023-03-28 00:00:00-04:00,STRONG_BEAR,0.7422746076409112,True,False
2023-03-29 00:00:00-04:00,STRONG_BEAR,0.9999999967765235,True,False
2023-03-30 00:00:00-04:00,STRONG_BEAR,1.0,True,False
2023-03-31 00:00:00-04:00,STRONG_BEAR,1.0,True,False
2023-04-03 00:00:00-04:00,STRONG_BEAR,1.0,True,False
2023-04-04 00:00:00-04:00,STRONG_BEAR,1.0,True,False
2023-04-05 00:00:00-04:00,STRONG_BEAR,0.9999999999999991,True,False
2023-04-06 00:00:00-04:00,STRONG_BEAR,0.9999999999443714,True,False
2023-04-07 00:00:00-04:00,STRONG_BEAR,0.9999999999092666,True,False
2023-04-10 00:00:00-04:00,STRONG_BEAR,0.999999999759242,True,False
2023-04-11 00:00:00-04:00,STRONG_BEAR,0.9999363676004761,True,False
2023-04-12 00:00:00-04:00,STRONG_BEAR,0.9963063429675046,False,False
2023-04-13 00:00:00-04:00,STRONG_BEAR,0.9999999999100826,False,False
2023-04-14 00:00:00-04:00,WEAK_BEAR,0.9999999999929684,True,False
2023-04-17 00:00:00-04:00,WEAK_BEAR,1.0,True,False
2023-04-18 00:00:00-04:00,WEAK_BEAR,1.0,True,False
2023-04-19 00:00:00-04:00,WEAK_BEAR,1.0,True,False
2023-04-20 00:00:00-04:00,WEAK_BEAR,1.0,True,False
2023-04-21 00:00:00-04:00,WEAK_BEAR,1.0,True,False
2023-04-24 00:00:00-04:00,WEAK_BEAR,1.0,True,False
2023-04-25 00:00:00-04:00,WEAK_BEAR,1.0,True,False
2023-04-26 00:00:00-04:00,WEAK_BEAR,1.0,True,False
2023-04-27 00:00:00-04:00,WEAK_BEAR,1.0,True,False
2023-04-28 00:00:00-04:00,WEAK_BEAR,1.0,True,False
2023-05-01 00:00:00-04:00,WEAK_BEAR,1.0,True,False
2023-05-02 00:00:00-04:00,WEAK_BEAR,1.0,True,False
2023-05-03 00:00:00-04:00,WEAK_BEAR,1.0,True,False
2023-05-04 00:00:00-04:00,WEAK_BEAR,1.0,True,False
2023-05-05 00:00:00-04:00,WEAK_BEAR,1.0,True,False
2023-02-08 00:00:00-05:00,NEUTRAL,1.0,True,False
2023-02-09 00:00:00-05:00,NEUTRAL,1.0,True,False
2023-02-10 00:00:00-05:00,NEUTRAL,1.0,True,False
2023-02-13 00:00:00-05:00,NEUTRAL,1.0,True,False
2023-02-14 00:00:00-05:00,NEUTRAL,1.0,True,False
2023-02-15 00:00:00-05:00,NEUTRAL,1.0,True,False
2023-02-16 00:00:00-05:00,NEUTRAL,1.0,True,False
2023-02-17 00:00:00-05:00,NEUTRAL,0.9999999999999999,True,False
2023-02-20 00:00:00-05:00,NEUTRAL,1.0,True,False
2023-02-21 00:00:00-05:00,NEUTRAL,1.0,True,False
2023-02-22 00:00:00-05:00,NEUTRAL,1.0,True,False
2023-02-23 00:00:00-05:00,NEUTRAL,0.9999999999999514,True,False
2023-02-24 00:00:00-05:00,NEUTRAL,0.999999999999813,True,False
2023-02-27 00:00:00-05:00,NEUTRAL,0.9999999999999855,True,False
2023-02-28 00:00:00-05:00,NEUTRAL,0.9999999999088768,True,False
2023-03-01 00:00:00-05:00,NEUTRAL,0.9999999999999635,True,False
2023-03-02 00:00:00-05:00,NEUTRAL,0.9999999999988967,True,False
2023-03-03 00:00:00-05:00,NEUTRAL,0.9999999620763468,True,False
2023-03-06 00:00:00-05:00,NEUTRAL,0.9999999999582933,True,False
2023-03-07 00:00:00-05:00,NEUTRAL,0.9999999585388845,True,False
2023-03-08 00:00:00-05:00,NEUTRAL,0.9999999999923957,True,False
2023-03-09 00:00:00-05:00,NEUTRAL,0.9999999998075216,True,False
2023-03-10 00:00:00-05:00,NEUTRAL,0.9999999947255478,True,False
2023-03-13 00:00:00-04:00,NEUTRAL,0.9999999999999176,True,False
2023-03-14 00:00:00-04:00,NEUTRAL,0.9999999999998082,True,False
2023-03-15 00:00:00-04:00,NEUTRAL,0.9999999999999071,True,False
2023-03-16 00:00:00-04:00,NEUTRAL,0.9999999999998127,True,False
2023-03-17 00:00:00-04:00,NEUTRAL,0.9999999999999999,True,False
2023-03-20 00:00:00-04:00,NEUTRAL,1.0,True,False
2023-03-21 00:00:00-04:00,NEUTRAL,0.9999999999999973,True,False
2023-03-22 00:00:00-04:00,NEUTRAL,0.9999999999999999,True,False
2023-03-23 00:00:00-04:00,NEUTRAL,1.0,True,False
2023-03-24 00:00:00-04:00,NEUTRAL,0.9999999999999531,True,False
2023-03-27 00:00:00-04:00,NEUTRAL,0.999999999999997,True,False
2023-03-28 00:00:00-04:00,NEUTRAL,0.9999999999999899,True,False
2023-03-29 00:00:00-04:00,NEUTRAL,0.9999999999846504,True,False
2023-03-30 00:00:00-04:00,NEUTRAL,0.9999999999887228,True,False
2023-03-31 00:00:00-04:00,NEUTRAL,0.9999999999975832,True,False
2023-04-03 00:00:00-04:00,NEUTRAL,0.9999999999999982,True,False
2023-04-04 00:00:00-04:00,NEUTRAL,0.9999999999999993,True,False
2023-04-05 00:00:00-04:00,NEUTRAL,0.9999999999999889,True,False
2023-04-06 00:00:00-04:00,NEUTRAL,1.0,True,False
2023-04-07 00:00:00-04:00,NEUTRAL,1.0,True,False
2023-04-10 00:00:00-04:00,NEUTRAL,1.0,True,False
2023-04-11 00:00:00-04:00,NEUTRAL,1.0,True,False
2023-04-12 00:00:00-04:00,NEUTRAL,1.0,True,False
2023-04-13 00:00:00-04:00,NEUTRAL,1.0,True,False
2023-04-14 00:00:00-04:00,NEUTRAL,1.0,True,False
2023-04-17 00:00:00-04:00,NEUTRAL,1.0,True,False
2023-04-18 00:00:00-04:00,NEUTRAL,1.0,True,False
2023-04-19 00:00:00-04:00,NEUTRAL,1.0,True,False
2023-04-20 00:00:00-04:00,NEUTRAL,1.0,True,False
2023-04-21 00:00:00-04:00,NEUTRAL,0.9999999999999999,True,False
2023-04-24 00:00:00-04:00,NEUTRAL,0.9999999999999999,True,False
2023-04-25 00:00:00-04:00,NEUTRAL,1.0,True,False
2023-04-26 00:00:00-04:00,NEUTRAL,0.9999999999999928,True,False
2023-04-27 00:00:00-04:00,NEUTRAL,0.9999999999984296,True,False
2023-04-28 00:00:00-04:00,NEUTRAL,0.9999999999996622,True,False
2023-05-01 00:00:00-04:00,NEUTRAL,0.9999999999998164,True,False
2023-05-02 00:00:00-04:00,NEUTRAL,0.9999999999935371,True,False
2023-05-03 00:00:00-04:00,NEUTRAL,0.999999999999983,True,False
2023-05-04 00:00:00-04:00,NEUTRAL,1.0,True,False
2023-05-05 00:00:00-04:00,NEUTRAL,0.9999999999985787,True,False
2023-05-08 00:00:00-04:00,NEUTRAL,0.9999999999999689,True,False
2023-05-09 00:00:00-04:00,NEUTRAL,0.9999999999732215,True,False
2023-05-10 00:00:00-04:00,NEUTRAL,0.9999999998998543,True,False
2023-05-11 00:00:00-04:00,NEUTRAL,0.9999999999225224,True,False
2023-05-12 00:00:00-04:00,NEUTRAL,0.9999999999999634,True,False
2023-05-15 00:00:00-04:00,NEUTRAL,0.9999999999999976,True,False
2023-05-16 00:00:00-04:00,NEUTRAL,0.9999999999995474,True,False
2023-05-17 00:00:00-04:00,NEUTRAL,0.9999999997767497,True,False
2023-05-18 00:00:00-04:00,NEUTRAL,0.9999999717022695,True,False
2023-05-19 00:00:00-04:00,NEUTRAL,0.9999987502382865,True,False
2023-05-22 00:00:00-04:00,NEUTRAL,0.9999999999806457,True,False
2023-05-23 00:00:00-04:00,NEUTRAL,0.99999999999959,True,False
2023-05-24 00:00:00-04:00,NEUTRAL,0.9999999988540327,True,False
2023-05-25 00:00:00-04:00,NEUTRAL,0.9999999999915818,True,False
2023-05-26 00:00:00-04:00,NEUTRAL,0.9999999951742407,True,False
2023-05-29 00:00:00-04:00,NEUTRAL,0.9999999999930197,True,False
2023-05-30 00:00:00-04:00,NEUTRAL,0.9999999999999952,True,False
2023-05-31 00:00:00-04:00,NEUTRAL,0.9999999695912835,True,False
2023-06-01 00:00:00-04:00,NEUTRAL,0.9999999999985263,True,False
2023-06-02 00:00:00-04:00,NEUTRAL,0.999999999999382,True,False
2023-06-05 00:00:00-04:00,NEUTRAL,1.0,True,False
2023-06-06 00:00:00-04:00,NEUTRAL,1.0,True,False
2023-06-07 00:00:00-04:00,NEUTRAL,0.9999999999999989,True,False
2023-06-08 00:00:00-04:00,NEUTRAL,1.0,True,False
2023-06-09 00:00:00-04:00,NEUTRAL,1.0,True,False
2023-06-12 00:00:00-04:00,NEUTRAL,1.0,True,False
2023-06-13 00:00:00-04:00,NEUTRAL,1.0,True,False
2023-06-14 00:00:00-04:00,NEUTRAL,1.0,True,False
2023-06-15 00:00:00-04:00,NEUTRAL,1.0,True,False
2023-06-16 00:00:00-04:00,NEUTRAL,1.0,True,False
2023-06-19 00:00:00-04:00,NEUTRAL,1.0,True,False
2023-06-20 00:00:00-04:00,NEUTRAL,1.0,True,False
2023-06-21 00:00:00-04:00,NEUTRAL,1.0,True,False
2023-06-22 00:00:00-04:00,NEUTRAL,1.0,True,False
2023-06-23 00:00:00-04:00,NEUTRAL,1.0,True,False
2023-06-26 00:00:00-04:00,NEUTRAL,1.0,True,False
2023-06-27 00:00:00-04:00,NEUTRAL,1.0,True,False
2023-06-28 00:00:00-04:00,NEUTRAL,1.0,True,False
2023-06-29 00:00:00-04:00,NEUTRAL,1.0,True,False
2023-06-30 00:00:00-04:00,NEUTRAL,0.9999999999999093,True,False
2023-07-03 00:00:00-04:00,NEUTRAL,1.0,True,False
2023-07-04 00:00:00-04:00,NEUTRAL,1.0,True,False
2023-07-05 00:00:00-04:00,NEUTRAL,1.0,True,False
2023-07-06 00:00:00-04:00,NEUTRAL,1.0,True,False
2023-07-07 00:00:00-04:00,NEUTRAL,1.0,True,False
2023-07-10 00:00:00-04:00,NEUTRAL,1.0,True,False
2023-07-11 00:00:00-04:00,NEUTRAL,1.0,True,False
2023-07-12 00:00:00-04:00,NEUTRAL,0.9999999999999986,True,False
2023-07-13 00:00:00-04:00,NEUTRAL,0.9999999999999836,True,False
2023-07-14 00:00:00-04:00,NEUTRAL,0.9999999999999858,True,False
2023-07-17 00:00:00-04:00,NEUTRAL,1.0,True,False
2023-07-18 00:00:00-04:00,NEUTRAL,1.0,True,False
2023-07-19 00:00:00-04:00,NEUTRAL,1.0,True,False
2023-07-20 00:00:00-04:00,NEUTRAL,1.0,True,False
2023-07-21 00:00:00-04:00,NEUTRAL,1.0,True,False
2023-07-24 00:00:00-04:00,NEUTRAL,1.0,True,False
2023-07-25 00:00:00-04:00,NEUTRAL,1.0,True,False
2023-07-26 00:00:00-04:00,NEUTRAL,1.0,True,False
2023-07-27 00:00:00-04:00,NEUTRAL,1.0,True,False
2023-07-28 00:00:00-04:00,NEUTRAL,1.0,True,False
2023-07-31 00:00:00-04:00,NEUTRAL,1.0,True,False
2023-08-01 00:00:00-04:00,NEUTRAL,1.0,True,False
2023-08-02 00:00:00-04:00,NEUTRAL,1.0,True,False
2023-05-08 00:00:00-04:00,NEUTRAL,1.0,True,False
2023-05-09 00:00:00-04:00,NEUTRAL,1.0,True,False
2023-05-10 00:00:00-04:00,NEUTRAL,0.9999999999999442,True,False
2023-05-11 00:00:00-04:00,NEUTRAL,0.9999999999999999,True,False
2023-05-12 00:00:00-04:00,NEUTRAL,1.0,True,False
2023-05-15 00:00:00-04:00,NEUTRAL,1.0,True,False
2023-05-16 00:00:00-04:00,NEUTRAL,1.0,True,False
2023-05-17 00:00:00-04:00,NEUTRAL,0.9999999999999922,True,False
2023-05-18 00:00:00-04:00,NEUTRAL,0.9999999999864467,True,False
2023-05-19 00:00:00-04:00,NEUTRAL,0.999999999861994,True,False
2023-05-22 00:00:00-04:00,NEUTRAL,0.9999999999997752,True,False
2023-05-23 00:00:00-04:00,NEUTRAL,0.9999999999999907,True,False
2023-05-24 00:00:00-04:00,NEUTRAL,0.9999999999999936,True,False
2023-05-25 00:00:00-04:00,NEUTRAL,0.9999999999999972,True,False
2023-05-26 00:00:00-04:00,NEUTRAL,0.9999999999947398,True,False
2023-05-29 00:00:00-04:00,NEUTRAL,0.999999999999934,True,False
2023-05-30 00:00:00-04:00,NEUTRAL,0.9999999999999988,True,False
2023-05-31 00:00:00-04:00,NEUTRAL,0.9999999999878216,True,False
2023-06-01 00:00:00-04:00,NEUTRAL,0.9999999999999961,True,False
2023-06-02 00:00:00-04:00,NEUTRAL,0.9999999999999668,True,False
2023-06-05 00:00:00-04:00,NEUTRAL,1.0,True,False
2023-06-06 00:00:00-04:00,NEUTRAL,1.0,True,False
2023-06-07 00:00:00-04:00,NEUTRAL,0.9999999999998609,True,False
2023-06-08 00:00:00-04:00,NEUTRAL,1.0,True,False
2023-06-09 00:00:00-04:00,NEUTRAL,1.0,True,False
2023-06-12 00:00:00-04:00,NEUTRAL,1.0,True,False
2023-06-13 00:00:00-04:00,NEUTRAL,1.0,True,False
2023-06-14 00:00:00-04:00,NEUTRAL,0.9999999999999999,True,False
2023-06-15 00:00:00-04:00,NEUTRAL,0.9999999999989607,True,False
2023-06-16 00:00:00-04:00,NEUTRAL,0.9999999921740232,True,False
2023-06-19 00:00:00-04:00,NEUTRAL,0.9999296650749679,True,False
2023-06-20 00:00:00-04:00,NEUTRAL,0.9999995736401212,True,False
2023-06-21 00:00:00-04:00,NEUTRAL,0.9999999999979425,True,False
2023-06-22 00:00:00-04:00,NEUTRAL,1.0,True,False
2023-06-23 00:00:00-04:00,NEUTRAL,1.0,True,False
2023-06-26 00:00:00-04:00,NEUTRAL,1.0,True,False
2023-06-27 00:00:00-04:00,NEUTRAL,1.0,True,False
2023-06-28 00:00:00-04:00,NEUTRAL,1.0,True,False
2023-06-29 00:00:00-04:00,NEUTRAL,1.0,True,False
2023-06-30 00:00:00-04:00,NEUTRAL,0.9999999622298698,True,False
2023-07-03 00:00:00-04:00,NEUTRAL,0.9999999999426114,True,False
2023-07-04 00:00:00-04:00,NEUTRAL,0.9999999999559027,True,False
2023-07-05 00:00:00-04:00,NEUTRAL,0.9999999997743173,True,False
2023-07-06 00:00:00-04:00,NEUTRAL,1.0,True,False
2023-07-07 00:00:00-04:00,NEUTRAL,1.0,True,False
2023-07-10 00:00:00-04:00,NEUTRAL,1.0,True,False
2023-07-11 00:00:00-04:00,NEUTRAL,0.9999999999999896,True,False
2023-07-12 00:00:00-04:00,NEUTRAL,0.9999999997954624,True,False
2023-07-13 00:00:00-04:00,NEUTRAL,0.9999992736454086,True,False
2023-07-14 00:00:00-04:00,NEUTRAL,0.9999997688305945,True,False
2023-07-17 00:00:00-04:00,NEUTRAL,0.9999999994194305,True,False
2023-07-18 00:00:00-04:00,NEUTRAL,0.9999999989803419,True,False
2023-07-19 00:00:00-04:00,NEUTRAL,0.9999997745271628,True,False
2023-07-20 00:00:00-04:00,NEUTRAL,0.9999998181916311,True,False
2023-07-21 00:00:00-04:00,NEUTRAL,0.9999998032147666,True,False
2023-07-24 00:00:00-04:00,NEUTRAL,0.9999999282807228,True,False
2023-07-25 00:00:00-04:00,NEUTRAL,0.9999977870637923,True,False
2023-07-26 00:00:00-04:00,NEUTRAL,0.9999218436167939,True,False
2023-07-27 00:00:00-04:00,NEUTRAL,0.9999999999984559,True,False
2023-07-28 00:00:00-04:00,NEUTRAL,0.9999999999102854,True,False
2023-07-31 00:00:00-04:00,NEUTRAL,0.9999999999992487,True,False
2023-08-01 00:00:00-04:00,NEUTRAL,0.9999999999992637,True,False
2023-08-02 00:00:00-04:00,NEUTRAL,0.9999999999999999,True,False
2023-08-03 00:00:00-04:00,NEUTRAL,1.0,True,False
2023-08-04 00:00:00-04:00,NEUTRAL,1.0,True,False
2023-08-07 00:00:00-04:00,NEUTRAL,1.0,True,False
2023-08-08 00:00:00-04:00,NEUTRAL,1.0,True,False
2023-08-09 00:00:00-04:00,NEUTRAL,1.0,True,False
2023-08-10 00:00:00-04:00,NEUTRAL,1.0,True,False
2023-08-11 00:00:00-04:00,NEUTRAL,1.0,True,False
2023-08-14 00:00:00-04:00,NEUTRAL,1.0,True,False
2023-08-15 00:00:00-04:00,NEUTRAL,1.0,True,False
2023-08-16 00:00:00-04:00,NEUTRAL,1.0,True,False
2023-08-17 00:00:00-04:00,NEUTRAL,1.0,True,False
2023-08-18 00:00:00-04:00,NEUTRAL,1.0,True,False
2023-08-21 00:00:00-04:00,NEUTRAL,1.0,True,False
2023-08-22 00:00:00-04:00,NEUTRAL,1.0,True,False
2023-08-23 00:00:00-04:00,NEUTRAL,1.0,True,False
2023-08-24 00:00:00-04:00,NEUTRAL,1.0,True,False
2023-08-25 00:00:00-04:00,NEUTRAL,1.0,True,False
2023-08-28 00:00:00-04:00,NEUTRAL,1.0,True,False
2023-08-29 00:00:00-04:00,NEUTRAL,0.9999999999999994,True,False
2023-08-30 00:00:00-04:00,NEUTRAL,0.9999999999999766,True,False
2023-08-31 00:00:00-04:00,NEUTRAL,0.9999999999792141,True,False
2023-09-01 00:00:00-04:00,NEUTRAL,0.999999999977076,True,False
2023-09-04 00:00:00-04:00,NEUTRAL,0.999999999999378,True,False
2023-09-05 00:00:00-04:00,NEUTRAL,1.0,True,False
2023-09-06 00:00:00-04:00,NEUTRAL,1.0,True,False
2023-09-07 00:00:00-04:00,NEUTRAL,1.0,True,False
2023-09-08 00:00:00-04:00,NEUTRAL,1.0,True,False
2023-09-11 00:00:00-04:00,NEUTRAL,1.0,True,False
2023-09-12 00:00:00-04:00,NEUTRAL,1.0,True,False
2023-09-13 00:00:00-04:00,NEUTRAL,1.0,True,False
2023-09-14 00:00:00-04:00,NEUTRAL,0.9999999999999974,True,False
2023-09-15 00:00:00-04:00,NEUTRAL,1.0,True,False
2023-09-18 00:00:00-04:00,NEUTRAL,1.0,True,False
2023-09-19 00:00:00-04:00,NEUTRAL,1.0,True,False
2023-09-20 00:00:00-04:00,NEUTRAL,1.0,True,False
2023-09-21 00:00:00-04:00,NEUTRAL,1.0,True,False
2023-09-22 00:00:00-04:00,NEUTRAL,1.0,True,False
2023-09-25 00:00:00-04:00,NEUTRAL,1.0,True,False
2023-09-26 00:00:00-04:00,NEUTRAL,1.0,True,False
2023-09-27 00:00:00-04:00,NEUTRAL,1.0,True,False
2023-09-28 00:00:00-04:00,NEUTRAL,1.0,True,False
2023-09-29 00:00:00-04:00,NEUTRAL,0.9999999999999999,True,False
2023-10-02 00:00:00-04:00,NEUTRAL,1.0,True,False
2023-10-03 00:00:00-04:00,NEUTRAL,0.9999999999726603,True,False
2023-10-04 00:00:00-04:00,NEUTRAL,0.9999999999977157,True,False
2023-10-05 00:00:00-04:00,NEUTRAL,0.9999999999994343,True,False
2023-10-06 00:00:00-04:00,NEUTRAL,0.9999990745533155,True,False
2023-10-09 00:00:00-04:00,NEUTRAL,0.9999862399918401,True,False
2023-10-10 00:00:00-04:00,NEUTRAL,0.9637680338640526,False,False
2023-10-11 00:00:00-04:00,NEUTRAL,0.9989058733149999,False,False
2023-10-12 00:00:00-04:00,BEAR,0.9998839884793794,True,False
2023-10-13 00:00:00-04:00,BEAR,0.9893548189416682,True,False
2023-10-16 00:00:00-04:00,BEAR,0.9813423099977517,True,False
2023-10-17 00:00:00-04:00,BEAR,0.9994910329135189,True,False
2023-10-18 00:00:00-04:00,BEAR,0.935312930242278,True,False
2023-10-19 00:00:00-04:00,BEAR,0.9235332327150408,True,False
2023-10-20 00:00:00-04:00,BEAR,0.8786878549092025,False,False
2023-10-23 00:00:00-04:00,BEAR,0.9822276654944965,True,False
2023-10-24 00:00:00-04:00,BEAR,0.9999998001636969,True,False
2023-10-25 00:00:00-04:00,BEAR,0.9999999999978159,True,False
2023-10-26 00:00:00-04:00,BEAR,1.0,True,False
2023-10-27 00:00:00-04:00,BEAR,1.0,True,False
2023-10-30 00:00:00-04:00,BEAR,1.0,True,False
2023-08-03 00:00:00-04:00,BULL,1.0,True,False
2023-08-04 00:00:00-04:00,BULL,1.0,True,False
2023-08-07 00:00:00-04:00,BULL,1.0,True,False
2023-08-08 00:00:00-04:00,BULL,1.0,True,False
2023-08-09 00:00:00-04:00,BULL,1.0,True,False
2023-08-10 00:00:00-04:00,BULL,1.0,True,False
2023-08-11 00:00:00-04:00,BULL,1.0,True,False
2023-08-14 00:00:00-04:00,BULL,1.0,True,False
2023-08-15 00:00:00-04:00,BULL,0.9999999933870015,True,False
2023-08-16 00:00:00-04:00,BULL,0.9404942003444547,False,False
2023-08-17 00:00:00-04:00,BULL,0.999999626710009,False,False
2023-08-18 00:00:00-04:00,NEUTRAL,0.9999999991293602,True,False
2023-08-21 00:00:00-04:00,NEUTRAL,0.9999999765861001,True,False
2023-08-22 00:00:00-04:00,NEUTRAL,0.9999999999999598,True,False
2023-08-23 00:00:00-04:00,NEUTRAL,0.9999999999998921,True,False
2023-08-24 00:00:00-04:00,NEUTRAL,1.0,True,False
2023-08-25 00:00:00-04:00,NEUTRAL,1.0,True,False
2023-08-28 00:00:00-04:00,NEUTRAL,1.0,True,False
2023-08-29 00:00:00-04:00,NEUTRAL,0.9999999999995325,True,False
2023-08-30 00:00:00-04:00,NEUTRAL,0.9988380574387162,True,False
2023-08-31 00:00:00-04:00,NEUTRAL,0.9998619671269873,True,False
2023-09-01 00:00:00-04:00,NEUTRAL,0.6087418440840802,False,False
2023-09-04 00:00:00-04:00,NEUTRAL,0.999577192349358,False,False
2023-09-05 00:00:00-04:00,BULL,0.9999999999983431,True,False
2023-09-06 00:00:00-04:00,BULL,0.9999999990824785,True,False
2023-09-07 00:00:00-04:00,BULL,0.9999982240692022,True,False
2023-09-08 00:00:00-04:00,BULL,0.9997405190376759,True,False
2023-09-11 00:00:00-04:00,BULL,0.9999760124654722,True,False
2023-09-12 00:00:00-04:00,BULL,0.9998602008686642,True,False
2023-09-13 00:00:00-04:00,BULL,0.9999671813706962,True,False
2023-09-14 00:00:00-04:00,BULL,0.9999999348080308,True,False
2023-09-15 00:00:00-04:00,BULL,0.7938712289905486,False,False
2023-09-18 00:00:00-04:00,BULL,0.8187416299805388,True,False
2023-09-19 00:00:00-04:00,BULL,0.756929137829793,True,False
2023-09-20 00:00:00-04:00,BULL,0.999999999699971,False,False
2023-09-21 00:00:00-04:00,BULL,0.9999999999997848,False,False
2023-09-22 00:00:00-04:00,NEUTRAL,1.0,True,False
2023-09-25 00:00:00-04:00,NEUTRAL,1.0,True,False
2023-09-26 00:00:00-04:00,NEUTRAL,1.0,True,False
2023-09-27 00:00:00-04:00,NEUTRAL,1.0,True,False
2023-09-28 00:00:00-04:00,NEUTRAL,1.0,True,False
2023-09-29 00:00:00-04:00,NEUTRAL,1.0,True,False
2023-10-02 00:00:00-04:00,NEUTRAL,1.0,True,False
2023-10-03 00:00:00-04:00,NEUTRAL,1.0,True,False
2023-10-04 00:00:00-04:00,NEUTRAL,1.0,True,False
2023-10-05 00:00:00-04:00,NEUTRAL,1.0,True,False
2023-10-06 00:00:00-04:00,NEUTRAL,1.0,True,False
2023-10-09 00:00:00-04:00,NEUTRAL,0.9999999999999739,True,False
2023-10-10 00:00:00-04:00,NEUTRAL,0.9999999958865445,True,False
2023-10-11 00:00:00-04:00,NEUTRAL,0.9999989916275622,True,False
2023-10-12 00:00:00-04:00,NEUTRAL,0.9999999999726085,True,False
2023-10-13 00:00:00-04:00,NEUTRAL,0.9999999999981005,True,False
2023-10-16 00:00:00-04:00,NEUTRAL,0.9999999944334031,True,False
2023-10-17 00:00:00-04:00,NEUTRAL,0.9999064270222877,True,False
2023-10-18 00:00:00-04:00,NEUTRAL,0.9999999940741201,True,False
2023-10-19 00:00:00-04:00,NEUTRAL,0.9999999936902646,True,False
2023-10-20 00:00:00-04:00,NEUTRAL,0.9999999999995502,True,False
2023-10-23 00:00:00-04:00,NEUTRAL,0.9999999999929827,True,False
2023-10-24 00:00:00-04:00,NEUTRAL,0.9971954985641958,True,False
2023-10-25 00:00:00-04:00,NEUTRAL,0.9998891482746433,True,False
2023-10-26 00:00:00-04:00,NEUTRAL,0.9999998110293132,True,False
2023-10-27 00:00:00-04:00,NEUTRAL,0.9999891688883812,True,False
2023-10-30 00:00:00-04:00,NEUTRAL,0.9669529062667759,True,False
2023-10-31 00:00:00-04:00,NEUTRAL,0.9996950337768149,False,False
2023-11-01 00:00:00-04:00,NEUTRAL,0.9999998810213659,False,False
2023-11-02 00:00:00-04:00,BEAR,0.9999999960728454,True,False
2023-11-03 00:00:00-04:00,BEAR,0.9999999999871294,True,False
2023-11-06 00:00:00-05:00,BEAR,0.9999999999618409,True,False
2023-11-07 00:00:00-05:00,BEAR,0.9999999987644614,True,False
2023-11-08 00:00:00-05:00,BEAR,0.9999999219469599,True,False
2023-11-09 00:00:00-05:00,BEAR,0.9999996790649784,True,False
2023-11-10 00:00:00-05:00,BEAR,0.5828170134450154,True,False
2023-11-13 00:00:00-05:00,BEAR,0.7266647360830237,True,False
2023-11-14 00:00:00-05:00,BEAR,0.9999995184335351,False,False
2023-11-15 00:00:00-05:00,BEAR,1.0,False,False
2023-11-16 00:00:00-05:00,EUPHORIA,1.0,True,False
2023-11-17 00:00:00-05:00,EUPHORIA,1.0,True,False
2023-11-20 00:00:00-05:00,EUPHORIA,1.0,True,False
2023-11-21 00:00:00-05:00,EUPHORIA,1.0,True,False
2023-11-22 00:00:00-05:00,EUPHORIA,1.0,True,False
2023-11-23 00:00:00-05:00,EUPHORIA,1.0,True,False
2023-11-24 00:00:00-05:00,EUPHORIA,1.0,True,False
2023-11-27 00:00:00-05:00,EUPHORIA,1.0,True,False
2023-11-28 00:00:00-05:00,EUPHORIA,0.9999999999999993,True,False
2023-11-29 00:00:00-05:00,EUPHORIA,0.9999999985258088,True,False
2023-11-30 00:00:00-05:00,EUPHORIA,0.9266646949808497,False,False
2023-12-01 00:00:00-05:00,EUPHORIA,0.9999952669630098,False,False
2023-12-04 00:00:00-05:00,BULL,0.9999999999886052,True,False
2023-12-05 00:00:00-05:00,BULL,0.9999999999999996,True,False
2023-12-06 00:00:00-05:00,BULL,1.0,True,False
2023-12-07 00:00:00-05:00,BULL,1.0,True,False
2023-12-08 00:00:00-05:00,BULL,1.0,True,False
2023-12-11 00:00:00-05:00,BULL,1.0,True,False
2023-12-12 00:00:00-05:00,BULL,1.0,True,False
2023-12-13 00:00:00-05:00,BULL,1.0,True,False
2023-12-14 00:00:00-05:00,BULL,1.0,True,False
2023-12-15 00:00:00-05:00,BULL,1.0,True,False
2023-12-18 00:00:00-05:00,BULL,1.0,True,False
2023-12-19 00:00:00-05:00,BULL,1.0,True,False
2023-12-20 00:00:00-05:00,BULL,1.0,True,False
2023-12-21 00:00:00-05:00,BULL,1.0,True,False
2023-12-22 00:00:00-05:00,BULL,1.0,True,False
2023-12-25 00:00:00-05:00,BULL,1.0,True,False
2023-12-26 00:00:00-05:00,BULL,1.0,True,False
2023-12-27 00:00:00-05:00,BULL,1.0,True,False
2023-12-28 00:00:00-05:00,BULL,1.0,True,False
2023-12-29 00:00:00-05:00,BULL,1.0,True,False
2024-01-01 00:00:00-05:00,BULL,1.0,True,False
2024-01-02 00:00:00-05:00,BULL,1.0,True,False
2024-01-03 00:00:00-05:00,BULL,1.0,True,False
2024-01-04 00:00:00-05:00,BULL,1.0,True,False
2024-01-05 00:00:00-05:00,BULL,1.0,True,False
2024-01-08 00:00:00-05:00,BULL,0.9999999999999998,True,False
2024-01-09 00:00:00-05:00,BULL,1.0,True,False
2024-01-10 00:00:00-05:00,BULL,0.9999999999999999,True,False
2024-01-11 00:00:00-05:00,BULL,0.9999999999996207,True,False
2024-01-12 00:00:00-05:00,BULL,0.9999999999998865,True,False
2024-01-15 00:00:00-05:00,BULL,0.9999999999994414,True,False
2024-01-16 00:00:00-05:00,BULL,0.9999996186567988,True,False
2024-01-17 00:00:00-05:00,BULL,0.9999999999994467,True,False
2024-01-18 00:00:00-05:00,BULL,0.9999338995982473,True,False
2024-01-19 00:00:00-05:00,BULL,0.9999974866454118,True,False
2024-01-22 00:00:00-05:00,BULL,0.9999999999832264,True,False
2024-01-23 00:00:00-05:00,BULL,0.999999999999023,True,False
2024-01-24 00:00:00-05:00,BULL,0.9999999999983198,True,False
2024-01-25 00:00:00-05:00,BULL,1.0,True,False
2023-10-31 00:00:00-04:00,BEAR,0.9999999999847363,True,False
2023-11-01 00:00:00-04:00,BEAR,0.9999999674171958,True,False
2023-11-02 00:00:00-04:00,BEAR,0.7067673935720136,True,False
2023-11-03 00:00:00-04:00,BEAR,0.9868760060963688,False,False
2023-11-06 00:00:00-05:00,BEAR,0.9708581308316626,False,False
2023-11-07 00:00:00-05:00,BEAR,0.5818547218988894,True,False
2023-11-08 00:00:00-05:00,BEAR,0.9713266816941286,True,False
2023-11-09 00:00:00-05:00,BEAR,0.5359141230787313,False,False
2023-11-10 00:00:00-05:00,BEAR,0.9989546145864454,False,False
2023-11-13 00:00:00-05:00,CRASH,0.9999417314176015,True,False
2023-11-14 00:00:00-05:00,CRASH,0.9998615300740221,False,False
2023-11-15 00:00:00-05:00,CRASH,0.9999999999999957,False,False
2023-11-16 00:00:00-05:00,EUPHORIA,1.0,True,False
2023-11-17 00:00:00-05:00,EUPHORIA,1.0,True,False
2023-11-20 00:00:00-05:00,EUPHORIA,1.0,True,False
2023-11-21 00:00:00-05:00,EUPHORIA,1.0,True,False
2023-11-22 00:00:00-05:00,EUPHORIA,1.0,True,False
2023-11-23 00:00:00-05:00,EUPHORIA,1.0,True,False
2023-11-24 00:00:00-05:00,EUPHORIA,1.0,True,False
2023-11-27 00:00:00-05:00,EUPHORIA,1.0,True,False
2023-11-28 00:00:00-05:00,EUPHORIA,1.0,True,False
2023-11-29 00:00:00-05:00,EUPHORIA,1.0,True,False
2023-11-30 00:00:00-05:00,EUPHORIA,1.0,True,False
2023-12-01 00:00:00-05:00,EUPHORIA,1.0,True,False
2023-12-04 00:00:00-05:00,EUPHORIA,0.9999999993887642,True,False
2023-12-05 00:00:00-05:00,EUPHORIA,0.9999999837691177,True,False
2023-12-06 00:00:00-05:00,EUPHORIA,0.9997525306929097,True,False
2023-12-07 00:00:00-05:00,EUPHORIA,0.99999999999997,True,False
2023-12-08 00:00:00-05:00,EUPHORIA,0.9999957687200913,True,False
2023-12-11 00:00:00-05:00,EUPHORIA,0.9999999827248574,True,False
2023-12-12 00:00:00-05:00,EUPHORIA,0.8993780599952135,False,False
2023-12-13 00:00:00-05:00,EUPHORIA,0.9999327895164737,False,False
2023-12-14 00:00:00-05:00,BULL,0.9999999990981912,True,False
2023-12-15 00:00:00-05:00,BULL,0.9999999999850774,True,False
2023-12-18 00:00:00-05:00,BULL,0.9999999999999998,True,False
2023-12-19 00:00:00-05:00,BULL,1.0,True,False
2023-12-20 00:00:00-05:00,BULL,0.9999999928139136,True,False
2023-12-21 00:00:00-05:00,BULL,0.9999999999999973,True,False
2023-12-22 00:00:00-05:00,BULL,0.9999999999999999,True,False
2023-12-25 00:00:00-05:00,BULL,0.9999999999999889,True,False
2023-12-26 00:00:00-05:00,BULL,0.999999999999982,True,False
2023-12-27 00:00:00-05:00,BULL,0.9999999803962994,True,False
2023-12-28 00:00:00-05:00,BULL,0.9999234637929613,True,False
2023-12-29 00:00:00-05:00,BULL,0.9994966153181776,True,False
2024-01-01 00:00:00-05:00,BULL,0.9997339441175617,True,False
2024-01-02 00:00:00-05:00,BULL,0.7542144069136124,True,False
2024-01-03 00:00:00-05:00,BULL,0.999050092755243,False,False
2024-01-04 00:00:00-05:00,BULL,0.9999999999996424,False,False
2024-01-05 00:00:00-05:00,BEAR,1.0,True,False
2024-01-08 00:00:00-05:00,BEAR,0.9999999444943628,True,False
2024-01-09 00:00:00-05:00,BEAR,0.9999999999806627,True,False
2024-01-10 00:00:00-05:00,BEAR,0.9999999998600038,True,False
2024-01-11 00:00:00-05:00,BEAR,0.9999999999940229,True,False
2024-01-12 00:00:00-05:00,BEAR,0.9999985793167911,True,False
2024-01-15 00:00:00-05:00,BEAR,0.9999999999942132,True,False
2024-01-16 00:00:00-05:00,BEAR,0.9999999999999468,True,False
2024-01-17 00:00:00-05:00,BEAR,0.9999999999979717,True,False
2024-01-18 00:00:00-05:00,BEAR,0.9999999521141133,True,False
2024-01-19 00:00:00-05:00,BEAR,0.9992659210717431,True,False
2024-01-22 00:00:00-05:00,BEAR,0.9682635756447588,True,False
2024-01-23 00:00:00-05:00,BEAR,0.9938704368901732,True,False
2024-01-24 00:00:00-05:00,BEAR,0.9999900104480302,True,False
2024-01-25 00:00:00-05:00,BEAR,0.8871411423599319,False,False
2024-01-26 00:00:00-05:00,BEAR,0.9999987310685151,False,False
2024-01-29 00:00:00-05:00,BULL,0.9999999999786232,True,False
2024-01-30 00:00:00-05:00,BULL,0.9999999999998807,True,False
2024-01-31 00:00:00-05:00,BULL,0.9304786243496082,False,False
2024-02-01 00:00:00-05:00,BULL,0.9999995327534011,True,False
2024-02-02 00:00:00-05:00,BULL,0.9968123354836692,True,False
2024-02-05 00:00:00-05:00,BULL,0.9999999999902522,True,False
2024-02-06 00:00:00-05:00,BULL,0.9999999999994551,True,False
2024-02-07 00:00:00-05:00,BULL,0.9999995200287664,True,False
2024-02-08 00:00:00-05:00,BULL,0.9999999814898413,True,False
2024-02-09 00:00:00-05:00,BULL,0.9999980978369356,True,False
2024-02-12 00:00:00-05:00,BULL,0.999984760241335,True,False
2024-02-13 00:00:00-05:00,BULL,0.9999904904270489,False,False
2024-02-14 00:00:00-05:00,BULL,0.9999643933284146,False,False
2024-02-15 00:00:00-05:00,EUPHORIA,0.997411010102105,True,False
2024-02-16 00:00:00-05:00,EUPHORIA,0.8947695745642181,False,False
2024-02-19 00:00:00-05:00,EUPHORIA,0.9999926136019949,False,False
2024-02-20 00:00:00-05:00,EUPHORIA,0.9998959585666135,False,False
2024-02-21 00:00:00-05:00,EUPHORIA,0.9999999986685355,False,False
2024-02-22 00:00:00-05:00,EUPHORIA,0.9994704169969464,True,False
2024-02-23 00:00:00-05:00,EUPHORIA,0.9999999999999999,True,False
2024-02-26 00:00:00-05:00,EUPHORIA,0.9999999992620383,True,False
2024-02-27 00:00:00-05:00,EUPHORIA,0.9999898921004142,True,False
2024-02-28 00:00:00-05:00,EUPHORIA,0.8098864105920138,True,False
2024-02-29 00:00:00-05:00,EUPHORIA,0.9999980780468251,False,False
2024-03-01 00:00:00-05:00,EUPHORIA,0.9999999999874647,False,False
2024-03-04 00:00:00-05:00,BULL,0.9999999999998418,True,False
2024-03-05 00:00:00-05:00,BULL,0.9998443284561433,True,False
2024-03-06 00:00:00-05:00,BULL,0.9949941053909249,True,False
2024-03-07 00:00:00-05:00,BULL,0.9999998301398195,True,False
2024-03-08 00:00:00-05:00,BULL,0.9989262095698141,False,False
2024-03-11 00:00:00-04:00,BULL,0.9999998001555207,False,False
2024-03-12 00:00:00-04:00,BULL,0.9999987239703189,True,False
2024-03-13 00:00:00-04:00,BULL,0.9999999959843604,True,False
2024-03-14 00:00:00-04:00,BULL,0.9999671039956709,True,False
2024-03-15 00:00:00-04:00,BULL,0.999999999854238,False,False
2024-03-18 00:00:00-04:00,BULL,0.9999999999006386,False,False
2024-03-19 00:00:00-04:00,BULL,0.9999887235993816,True,False
2024-03-20 00:00:00-04:00,BULL,0.9999999533391364,True,False
2024-03-21 00:00:00-04:00,BULL,0.9967348526965669,True,False
2024-03-22 00:00:00-04:00,BULL,0.7880253859830804,True,False
2024-03-25 00:00:00-04:00,BULL,0.9882947470206626,True,False
2024-03-26 00:00:00-04:00,BULL,0.9962153417706214,True,False
2024-03-27 00:00:00-04:00,BULL,0.9999999464796255,True,False
2024-03-28 00:00:00-04:00,BULL,0.9999999998876062,True,False
2024-03-29 00:00:00-04:00,BULL,0.999999533734935,True,False
2024-04-01 00:00:00-04:00,BULL,0.9999964023341448,True,False
2024-04-02 00:00:00-04:00,BULL,0.9966118563494739,True,False
2024-04-03 00:00:00-04:00,BULL,0.7013622657202052,True,False
2024-04-04 00:00:00-04:00,BULL,1.0,False,False
2024-04-05 00:00:00-04:00,BULL,0.9999999999999999,False,False
2024-04-08 00:00:00-04:00,BEAR,0.9999999999999987,True,False
2024-04-09 00:00:00-04:00,BEAR,1.0,True,False
2024-04-10 00:00:00-04:00,BEAR,1.0,True,False
2024-04-11 00:00:00-04:00,BEAR,1.0,True,False
2024-04-12 00:00:00-04:00,BEAR,1.0,True,False
2024-04-15 00:00:00-04:00,BEAR,1.0,True,False
2024-04-16 00:00:00-04:00,BEAR,1.0,True,False
2024-04-17 00:00:00-04:00,BEAR,1.0,True,False
2024-04-18 00:00:00-04:00,BEAR,1.0,True,False
2024-04-19 00:00:00-04:00,BEAR,1.0,True,False
2024-04-22 00:00:00-04:00,BEAR,1.0,True,False
2024-04-23 00:00:00-04:00,BEAR,1.0,True,False
2024-01-26 00:00:00-05:00,BULL,0.9999999997536974,True,False
2024-01-29 00:00:00-05:00,BULL,0.9998801342143516,True,False
2024-01-30 00:00:00-05:00,BULL,0.9414792812856667,True,False
2024-01-31 00:00:00-05:00,BULL,0.9999049588685612,True,False
2024-02-01 00:00:00-05:00,BULL,0.9999938041721859,True,False
2024-02-02 00:00:00-05:00,BULL,0.9999503986774664,False,False
2024-02-05 00:00:00-05:00,BULL,0.9999998098282872,False,False
2024-02-06 00:00:00-05:00,NEUTRAL,0.999987360185839,True,False
2024-02-07 00:00:00-05:00,NEUTRAL,0.9753820151615049,False,False
2024-02-08 00:00:00-05:00,NEUTRAL,0.999932271169359,True,False
2024-02-09 00:00:00-05:00,NEUTRAL,0.9999999999975837,True,False
2024-02-12 00:00:00-05:00,NEUTRAL,0.9999999999969564,True,False
2024-02-13 00:00:00-05:00,NEUTRAL,0.9999999997547316,True,False
2024-02-14 00:00:00-05:00,NEUTRAL,0.9999999989604114,True,False
2024-02-15 00:00:00-05:00,NEUTRAL,0.9999999999977919,True,False
2024-02-16 00:00:00-05:00,NEUTRAL,0.9999999999881823,True,False
2024-02-19 00:00:00-05:00,NEUTRAL,0.9999998528340701,True,False
2024-02-20 00:00:00-05:00,NEUTRAL,0.9999999999979193,False,False
2024-02-21 00:00:00-05:00,NEUTRAL,0.999999999999988,False,False
2024-02-22 00:00:00-05:00,NEUTRAL,0.9999999997783942,True,False
2024-02-23 00:00:00-05:00,NEUTRAL,0.9999976260190121,True,False
2024-02-26 00:00:00-05:00,NEUTRAL,0.9909859253842824,True,False
2024-02-27 00:00:00-05:00,NEUTRAL,0.8570527850926503,False,False
2024-02-28 00:00:00-05:00,NEUTRAL,0.9998872350276208,True,False
2024-02-29 00:00:00-05:00,NEUTRAL,0.9999998173076261,True,False
2024-03-01 00:00:00-05:00,NEUTRAL,0.9999995086743545,True,False
2024-03-04 00:00:00-05:00,NEUTRAL,0.9999999973546488,True,False
2024-03-05 00:00:00-05:00,NEUTRAL,0.8803978189431562,True,False
2024-03-06 00:00:00-05:00,NEUTRAL,0.9999999999999994,False,False
2024-03-07 00:00:00-05:00,NEUTRAL,0.9931538121550868,False,False
2024-03-08 00:00:00-05:00,BULL,0.9998002251053116,True,False
2024-03-11 00:00:00-04:00,BULL,0.9999999999320632,True,False
2024-03-12 00:00:00-04:00,BULL,0.8662324963313808,True,False
2024-03-13 00:00:00-04:00,BULL,0.9869114891716672,False,False
2024-03-14 00:00:00-04:00,BULL,0.9999988206078578,True,False
2024-03-15 00:00:00-04:00,BULL,0.9999999999359281,True,False
2024-03-18 00:00:00-04:00,BULL,1.0,True,False
2024-03-19 00:00:00-04:00,BULL,0.9479935919391163,False,False
2024-03-20 00:00:00-04:00,BULL,0.999999999999924,False,False
2024-03-21 00:00:00-04:00,BULL,0.9999999999743215,True,False
2024-03-22 00:00:00-04:00,BULL,1.0,True,False
2024-03-25 00:00:00-04:00,BULL,1.0,True,False
2024-03-26 00:00:00-04:00,BULL,1.0,True,False
2024-03-27 00:00:00-04:00,BULL,0.9999999868520006,True,False
2024-03-28 00:00:00-04:00,BULL,0.9999999993321602,True,False
2024-03-29 00:00:00-04:00,BULL,1.0,True,False
2024-04-01 00:00:00-04:00,BULL,1.0,True,False
2024-04-02 00:00:00-04:00,BULL,1.0,True,False
2024-04-03 00:00:00-04:00,BULL,1.0,True,False
2024-04-04 00:00:00-04:00,BULL,1.0,False,False
2024-04-05 00:00:00-04:00,BULL,0.5833317320441533,False,False
2024-04-08 00:00:00-04:00,BULL,0.8008210588431831,True,False
2024-04-09 00:00:00-04:00,BULL,0.9999999919986912,False,False
2024-04-10 00:00:00-04:00,BULL,1.0,False,False
2024-04-11 00:00:00-04:00,BULL,0.840360693164056,True,False
2024-04-12 00:00:00-04:00,BULL,0.9999999999994558,False,False
2024-04-15 00:00:00-04:00,BULL,1.0,False,False
2024-04-16 00:00:00-04:00,CRASH,1.0,True,False
2024-04-17 00:00:00-04:00,CRASH,1.0,True,False
2024-04-18 00:00:00-04:00,CRASH,1.0,True,False
2024-04-19 00:00:00-04:00,CRASH,1.0,True,False
2024-04-22 00:00:00-04:00,CRASH,1.0,True,False
2024-04-23 00:00:00-04:00,CRASH,1.0,True,False
2024-04-24 00:00:00-04:00,CRASH,1.0,True,False
2024-04-25 00:00:00-04:00,CRASH,1.0,True,False
2024-04-26 00:00:00-04:00,CRASH,1.0,True,False
2024-04-29 00:00:00-04:00,CRASH,1.0,True,False
2024-04-30 00:00:00-04:00,CRASH,1.0,True,False
2024-05-01 00:00:00-04:00,CRASH,1.0,True,False
2024-05-02 00:00:00-04:00,CRASH,1.0,True,False
2024-05-03 00:00:00-04:00,CRASH,1.0,True,False
2024-05-06 00:00:00-04:00,CRASH,1.0,True,False
2024-05-07 00:00:00-04:00,CRASH,1.0,True,False
2024-05-08 00:00:00-04:00,CRASH,0.99995730758177,True,False
2024-05-09 00:00:00-04:00,CRASH,0.9999987703754295,True,False
2024-05-10 00:00:00-04:00,CRASH,0.9999999999999678,False,False
2024-05-13 00:00:00-04:00,CRASH,1.0,False,False
2024-05-14 00:00:00-04:00,BULL,1.0,True,False
2024-05-15 00:00:00-04:00,BULL,0.9999999999897038,True,False
2024-05-16 00:00:00-04:00,BULL,0.9998929176181545,False,False
2024-05-17 00:00:00-04:00,BULL,0.9995452924884598,False,False
2024-05-20 00:00:00-04:00,BULL,0.9995711499261792,False,False
2024-05-21 00:00:00-04:00,EUPHORIA,0.9975931415182747,True,False
2024-05-22 00:00:00-04:00,EUPHORIA,0.9999197937743466,False,False
2024-05-23 00:00:00-04:00,EUPHORIA,0.951845585625174,False,False
2024-05-24 00:00:00-04:00,EUPHORIA,0.9999999933057503,False,False
2024-05-27 00:00:00-04:00,BULL,0.9999994017215639,True,False
2024-05-28 00:00:00-04:00,BULL,0.9999878197351889,False,False
2024-05-29 00:00:00-04:00,BULL,0.9473857315074563,True,False
2024-05-30 00:00:00-04:00,BULL,1.0,True,False
2024-05-31 00:00:00-04:00,BULL,1.0,True,False
2024-06-03 00:00:00-04:00,BULL,0.9999999985940526,True,False
2024-06-04 00:00:00-04:00,BULL,0.999999998960346,True,False
2024-06-05 00:00:00-04:00,BULL,1.0,True,False
2024-06-06 00:00:00-04:00,BULL,1.0,True,False
2024-06-07 00:00:00-04:00,BULL,1.0,True,False
2024-06-10 00:00:00-04:00,BULL,1.0,True,False
2024-06-11 00:00:00-04:00,BULL,1.0,True,False
2024-06-12 00:00:00-04:00,BULL,0.9999999999998436,True,False
2024-06-13 00:00:00-04:00,BULL,1.0,True,False
2024-06-14 00:00:00-04:00,BULL,1.0,True,False
2024-06-17 00:00:00-04:00,BULL,1.0,True,False
2024-06-18 00:00:00-04:00,BULL,0.9999999999999379,True,False
2024-06-19 00:00:00-04:00,BULL,0.9999959553876989,True,False
2024-06-20 00:00:00-04:00,BULL,0.8552535415001412,True,False
2024-06-21 00:00:00-04:00,BULL,0.999999972332242,True,False
2024-06-24 00:00:00-04:00,BULL,0.9999999999999246,True,False
2024-06-25 00:00:00-04:00,BULL,0.9999999991784666,True,False
2024-06-26 00:00:00-04:00,BULL,0.9216202311775672,True,False
2024-06-27 00:00:00-04:00,BULL,0.9999999996952083,False,False
2024-06-28 00:00:00-04:00,BULL,0.9514313052632093,False,False
2024-07-01 00:00:00-04:00,BULL,0.9746089339277221,True,False
2024-07-02 00:00:00-04:00,BULL,0.8750594939533639,True,False
2024-07-03 00:00:00-04:00,BULL,0.5378531747103988,False,False
2024-07-04 00:00:00-04:00,BULL,0.804795056764278,False,False
2024-07-05 00:00:00-04:00,NEUTRAL,0.9999991253058758,True,False
2024-07-08 00:00:00-04:00,NEUTRAL,0.9999999740575266,True,False
2024-07-09 00:00:00-04:00,NEUTRAL,0.9999910410708671,True,False
2024-07-10 00:00:00-04:00,NEUTRAL,0.999924487947846,True,False
2024-07-11 00:00:00-04:00,NEUTRAL,0.9986587627420792,False,False
2024-07-12 00:00:00-04:00,NEUTRAL,0.9999978629311018,False,False
2024-07-15 00:00:00-04:00,BULL,0.9999999278069849,True,False
2024-07-16 00:00:00-04:00,BULL,0.9999987437417854,True,False
2024-07-17 00:00:00-04:00,BULL,0.9999999999992213,True,False
2024-07-18 00:00:00-04:00,BULL,1.0,True,False
2024-07-19 00:00:00-04:00,BULL,0.9999999999338244,True,False
2024-04-24 00:00:00-04:00,CRASH,1.0,True,False
2024-04-25 00:00:00-04:00,CRASH,1.0,True,False
2024-04-26 00:00:00-04:00,CRASH,1.0,True,False
2024-04-29 00:00:00-04:00,CRASH,1.0,True,False
2024-04-30 00:00:00-04:00,CRASH,1.0,True,False
2024-05-01 00:00:00-04:00,CRASH,1.0,True,False
2024-05-02 00:00:00-04:00,CRASH,1.0,True,False
2024-05-03 00:00:00-04:00,CRASH,1.0,True,False
2024-05-06 00:00:00-04:00,CRASH,1.0,True,False
2024-05-07 00:00:00-04:00,CRASH,0.9999999999999174,True,False
2024-05-08 00:00:00-04:00,CRASH,0.996452124795243,True,False
2024-05-09 00:00:00-04:00,CRASH,0.764199297233842,True,False
2024-05-10 00:00:00-04:00,CRASH,0.9999869535664865,False,False
2024-05-13 00:00:00-04:00,CRASH,0.9999999999999956,False,False
2024-05-14 00:00:00-04:00,BEAR,1.0,True,False
2024-05-15 00:00:00-04:00,BEAR,0.999999999999952,True,False
2024-05-16 00:00:00-04:00,BEAR,0.9999992539407309,True,False
2024-05-17 00:00:00-04:00,BEAR,0.9999392956201515,True,False
2024-05-20 00:00:00-04:00,BEAR,0.9999998679870705,True,False
2024-05-21 00:00:00-04:00,BEAR,0.9999999943414635,True,False
2024-05-22 00:00:00-04:00,BEAR,0.9999999196470831,True,False
2024-05-23 00:00:00-04:00,BEAR,0.9999999950908904,True,False
2024-05-24 00:00:00-04:00,BEAR,0.9999999991379166,True,False
2024-05-27 00:00:00-04:00,BEAR,0.9999999786862446,True,False
2024-05-28 00:00:00-04:00,BEAR,0.999999999994239,True,False
2024-05-29 00:00:00-04:00,BEAR,0.9999999777319593,True,False
2024-05-30 00:00:00-04:00,BEAR,0.999999894146528,True,False
2024-05-31 00:00:00-04:00,BEAR,0.9979332905694429,True,False
2024-06-03 00:00:00-04:00,BEAR,0.9959842519152845,False,False
2024-06-04 00:00:00-04:00,BEAR,0.9999986012272851,False,False
2024-06-05 00:00:00-04:00,BEAR,0.9980460110224079,True,False
2024-06-06 00:00:00-04:00,BEAR,0.9999658665880286,True,False
2024-06-07 00:00:00-04:00,BEAR,0.9940545246814744,True,False
2024-06-10 00:00:00-04:00,BEAR,0.9999852159314722,True,False
2024-06-11 00:00:00-04:00,BEAR,0.9997068259837663,True,False
2024-06-12 00:00:00-04:00,BEAR,0.8736230836112329,True,False
2024-06-13 00:00:00-04:00,BEAR,0.9999052712377009,True,False
2024-06-14 00:00:00-04:00,BEAR,0.9999996241027583,True,False
2024-06-17 00:00:00-04:00,BEAR,0.9999999995947945,True,False
2024-06-18 00:00:00-04:00,BEAR,0.9999999999949736,True,False
2024-06-19 00:00:00-04:00,BEAR,0.9999999999280169,True,False
2024-06-20 00:00:00-04:00,BEAR,0.9999999999997808,True,False
2024-06-21 00:00:00-04:00,BEAR,0.9999999639337653,True,False
2024-06-24 00:00:00-04:00,BEAR,0.999999534759527,True,False
2024-06-25 00:00:00-04:00,BEAR,0.9965878489496731,True,False
2024-06-26 00:00:00-04:00,BEAR,0.9999998192208233,True,False
2024-06-27 00:00:00-04:00,BEAR,0.9999999999647697,True,False
2024-06-28 00:00:00-04:00,BEAR,0.9999999996586585,True,False
2024-07-01 00:00:00-04:00,BEAR,0.9992481145459343,True,False
2024-07-02 00:00:00-04:00,BEAR,0.9997453325207373,True,False
2024-07-03 00:00:00-04:00,BEAR,0.9988011270820831,True,False
2024-07-04 00:00:00-04:00,BEAR,0.5406578705000928,True,False
2024-07-05 00:00:00-04:00,BEAR,0.9999622282205446,False,False
2024-07-08 00:00:00-04:00,BEAR,0.9999999802437711,False,False
2024-07-09 00:00:00-04:00,NEUTRAL,0.999999999919608,True,False
2024-07-10 00:00:00-04:00,NEUTRAL,0.9999999999993698,True,False
2024-07-11 00:00:00-04:00,NEUTRAL,0.9999999972050821,True,False
2024-07-12 00:00:00-04:00,NEUTRAL,0.999999999999166,True,False
2024-07-15 00:00:00-04:00,NEUTRAL,0.999999999999674,True,False
2024-07-16 00:00:00-04:00,NEUTRAL,0.9999999999999392,True,False
2024-07-17 00:00:00-04:00,NEUTRAL,0.9999998474804143,True,False
2024-07-18 00:00:00-04:00,NEUTRAL,0.9986332165531719,True,False
2024-07-19 00:00:00-04:00,NEUTRAL,0.9603280036000962,False,False
2024-07-22 00:00:00-04:00,NEUTRAL,0.48928347231983327,False,False
2024-07-23 00:00:00-04:00,NEUTRAL,0.8706886554902111,True,False
2024-07-24 00:00:00-04:00,NEUTRAL,1.0,False,False
2024-07-25 00:00:00-04:00,NEUTRAL,1.0,False,False
2024-07-26 00:00:00-04:00,CRASH,1.0,True,False
2024-07-29 00:00:00-04:00,CRASH,1.0,True,False
2024-07-30 00:00:00-04:00,CRASH,1.0,True,False
2024-07-31 00:00:00-04:00,CRASH,1.0,True,False
2024-08-01 00:00:00-04:00,CRASH,1.0,True,False
2024-08-02 00:00:00-04:00,CRASH,1.0,True,False
2024-08-05 00:00:00-04:00,CRASH,1.0,True,False
2024-08-06 00:00:00-04:00,CRASH,1.0,True,False
2024-08-07 00:00:00-04:00,CRASH,1.0,True,False
2024-08-08 00:00:00-04:00,CRASH,1.0,True,False
2024-08-09 00:00:00-04:00,CRASH,1.0,True,False
2024-08-12 00:00:00-04:00,CRASH,1.0,True,False
2024-08-13 00:00:00-04:00,CRASH,1.0,True,False
2024-08-14 00:00:00-04:00,CRASH,1.0,True,False
2024-08-15 00:00:00-04:00,CRASH,0.9999999999990341,True,False
2024-08-16 00:00:00-04:00,CRASH,0.9999999983450774,False,False
2024-08-19 00:00:00-04:00,CRASH,1.0,False,False
2024-08-20 00:00:00-04:00,BEAR,1.0,True,False
2024-08-21 00:00:00-04:00,BEAR,1.0,True,False
2024-08-22 00:00:00-04:00,BEAR,1.0,True,False
2024-08-23 00:00:00-04:00,BEAR,1.0,True,False
2024-08-26 00:00:00-04:00,BEAR,0.9999999999999999,True,False
2024-08-27 00:00:00-04:00,BEAR,0.999999982982667,True,False
2024-08-28 00:00:00-04:00,BEAR,0.9874711106855115,False,False
2024-08-29 00:00:00-04:00,BEAR,0.8952677871242235,False,False
2024-08-30 00:00:00-04:00,BEAR,0.999999652949302,True,False
2024-09-02 00:00:00-04:00,BEAR,0.9631027112074972,False,False
2024-09-03 00:00:00-04:00,BEAR,0.9999999999220068,False,False
2024-09-04 00:00:00-04:00,BULL,0.9999999999999999,True,False
2024-09-05 00:00:00-04:00,BULL,1.0,False,False
2024-09-06 00:00:00-04:00,BULL,1.0,False,False
2024-09-09 00:00:00-04:00,CRASH,1.0,True,False
2024-09-10 00:00:00-04:00,CRASH,1.0,True,False
2024-09-11 00:00:00-04:00,CRASH,1.0,True,False
2024-09-12 00:00:00-04:00,CRASH,1.0,True,False
2024-09-13 00:00:00-04:00,CRASH,1.0,True,False
2024-09-16 00:00:00-04:00,CRASH,1.0,True,False
2024-09-17 00:00:00-04:00,CRASH,1.0,True,False
2024-09-18 00:00:00-04:00,CRASH,1.0,True,False
2024-09-19 00:00:00-04:00,CRASH,0.9999999999985016,True,False
2024-09-20 00:00:00-04:00,CRASH,1.0,True,False
2024-09-23 00:00:00-04:00,CRASH,1.0,True,False
2024-09-24 00:00:00-04:00,CRASH,1.0,True,False
2024-09-25 00:00:00-04:00,CRASH,0.9999999999999921,True,False
2024-09-26 00:00:00-04:00,CRASH,0.9999999999937831,True,False
2024-09-27 00:00:00-04:00,CRASH,1.0,True,False
2024-09-30 00:00:00-04:00,CRASH,1.0,True,False
2024-10-01 00:00:00-04:00,CRASH,0.9999999999999287,True,False
2024-10-02 00:00:00-04:00,CRASH,0.9999999999557778,True,False
2024-10-03 00:00:00-04:00,CRASH,0.9999999999999776,True,False
2024-10-04 00:00:00-04:00,CRASH,0.9999999235680223,False,False
2024-10-07 00:00:00-04:00,CRASH,0.9999702237003655,False,False
2024-10-08 00:00:00-04:00,CRASH,0.9999999999997424,False,False
2024-10-09 00:00:00-04:00,NEUTRAL,0.9999999932973341,True,False
2024-10-10 00:00:00-04:00,NEUTRAL,0.9999960219299714,True,False
2024-10-11 00:00:00-04:00,NEUTRAL,0.9999999103850169,True,False
2024-10-14 00:00:00-04:00,NEUTRAL,0.9998342307911748,True,False
2024-10-15 00:00:00-04:00,NEUTRAL,0.9999996163947468,True,False
2024-10-16 00:00:00-04:00,NEUTRAL,0.9999999999999523,True,False
2024-07-22 00:00:00-04:00,CRASH,0.9984670942343421,True,False
2024-07-23 00:00:00-04:00,CRASH,0.9999756014335426,True,False
2024-07-24 00:00:00-04:00,CRASH,0.9999999939763627,True,False
2024-07-25 00:00:00-04:00,CRASH,0.9978902289271915,True,False
2024-07-26 00:00:00-04:00,CRASH,0.9400510911746957,False,False
2024-07-29 00:00:00-04:00,CRASH,0.9424530300057344,False,False
2024-07-30 00:00:00-04:00,BEAR,0.9997885456667982,True,False
2024-07-31 00:00:00-04:00,BEAR,1.0,True,False
2024-08-01 00:00:00-04:00,BEAR,1.0,True,False
2024-08-02 00:00:00-04:00,BEAR,1.0,True,False
2024-08-05 00:00:00-04:00,BEAR,1.0,True,False
2024-08-06 00:00:00-04:00,BEAR,1.0,True,False
2024-08-07 00:00:00-04:00,BEAR,1.0,True,False
2024-08-08 00:00:00-04:00,BEAR,1.0,True,False
2024-08-09 00:00:00-04:00,BEAR,1.0,True,False
2024-08-12 00:00:00-04:00,BEAR,1.0,True,False
2024-08-13 00:00:00-04:00,BEAR,1.0,True,False
2024-08-14 00:00:00-04:00,BEAR,1.0,True,False
2024-08-15 00:00:00-04:00,BEAR,1.0,True,False
2024-08-16 00:00:00-04:00,BEAR,0.9999999999999231,True,False
2024-08-19 00:00:00-04:00,BEAR,0.9999999999759238,True,False
2024-08-20 00:00:00-04:00,BEAR,0.9997145413511445,True,False
2024-08-21 00:00:00-04:00,BEAR,0.9870425260482982,False,False
2024-08-22 00:00:00-04:00,BEAR,0.9997048997391021,False,False
2024-08-23 00:00:00-04:00,BEAR,0.9999999946326708,False,False
2024-08-26 00:00:00-04:00,NEUTRAL,0.9999999999957362,True,False
2024-08-27 00:00:00-04:00,NEUTRAL,0.9999999999999323,True,False
2024-08-28 00:00:00-04:00,NEUTRAL,0.9999788384777056,True,False
2024-08-29 00:00:00-04:00,NEUTRAL,0.9999515913589896,False,False
2024-08-30 00:00:00-04:00,NEUTRAL,0.9999818634855958,False,False
2024-09-02 00:00:00-04:00,EUPHORIA,1.0,True,False
2024-09-03 00:00:00-04:00,EUPHORIA,0.9999919008675286,True,False
2024-09-04 00:00:00-04:00,EUPHORIA,0.9999998363972598,True,False
2024-09-05 00:00:00-04:00,EUPHORIA,0.999999994137661,True,False
2024-09-06 00:00:00-04:00,EUPHORIA,0.9702219066149593,True,False
2024-09-09 00:00:00-04:00,EUPHORIA,0.999149516304382,False,False
2024-09-10 00:00:00-04:00,EUPHORIA,0.8644226627898038,True,False
2024-09-11 00:00:00-04:00,EUPHORIA,0.9999921644221198,True,False
2024-09-12 00:00:00-04:00,EUPHORIA,0.99999997998537,True,False
2024-09-13 00:00:00-04:00,EUPHORIA,0.9999999994142232,True,False
2024-09-16 00:00:00-04:00,EUPHORIA,0.9999999997217092,True,False
2024-09-17 00:00:00-04:00,EUPHORIA,0.9999983950338808,True,False
2024-09-18 00:00:00-04:00,EUPHORIA,0.9999999992810948,True,False
2024-09-19 00:00:00-04:00,EUPHORIA,0.9999999939160514,True,False
2024-09-20 00:00:00-04:00,EUPHORIA,0.9999999956105972,True,False
2024-09-23 00:00:00-04:00,EUPHORIA,0.9999999982842395,True,False
2024-09-24 00:00:00-04:00,EUPHORIA,0.9999999996006496,True,False
2024-09-25 00:00:00-04:00,EUPHORIA,0.9999999936007923,True,False
2024-09-26 00:00:00-04:00,EUPHORIA,0.999999999983785,True,False
2024-09-27 00:00:00-04:00,EUPHORIA,0.9999999999109469,True,False
2024-09-30 00:00:00-04:00,EUPHORIA,0.999999999979932,True,False
2024-10-01 00:00:00-04:00,EUPHORIA,0.9999998622801606,True,False
2024-10-02 00:00:00-04:00,EUPHORIA,0.9999991482889883,True,False
2024-10-03 00:00:00-04:00,EUPHORIA,0.9999743208923632,True,False
2024-10-04 00:00:00-04:00,EUPHORIA,0.9999993118470203,True,False
2024-10-07 00:00:00-04:00,EUPHORIA,0.9999997391365262,True,False
2024-10-08 00:00:00-04:00,EUPHORIA,0.9999962720676508,True,False
2024-10-09 00:00:00-04:00,EUPHORIA,0.9979913302668276,True,False
2024-10-10 00:00:00-04:00,EUPHORIA,0.8124598805703097,True,False
2024-10-11 00:00:00-04:00,EUPHORIA,0.940320778123599,True,False
2024-10-14 00:00:00-04:00,EUPHORIA,0.9946516455452366,False,False
2024-10-15 00:00:00-04:00,EUPHORIA,0.9999962924085318,False,False
2024-10-16 00:00:00-04:00,NEUTRAL,0.6344087615439029,True,False
2024-10-17 00:00:00-04:00,NEUTRAL,0.9999135981901367,True,False
2024-10-18 00:00:00-04:00,NEUTRAL,0.9999415790549373,True,False
2024-10-21 00:00:00-04:00,NEUTRAL,0.9999867735200454,True,False
2024-10-22 00:00:00-04:00,NEUTRAL,0.9903587793780787,True,False
2024-10-23 00:00:00-04:00,NEUTRAL,0.9989706885874629,False,False
2024-10-24 00:00:00-04:00,NEUTRAL,0.8904674128951011,False,False
2024-10-25 00:00:00-04:00,NEUTRAL,0.9864758305946426,False,False
2024-10-28 00:00:00-04:00,NEUTRAL,0.9999951549202125,False,False
2024-10-29 00:00:00-04:00,BEAR,0.9999999962574485,True,False
2024-10-30 00:00:00-04:00,BEAR,0.9999999999999828,True,False
2024-10-31 00:00:00-04:00,BEAR,0.9999999999986126,True,False
2024-11-01 00:00:00-04:00,BEAR,0.9999999999999986,True,False
2024-11-04 00:00:00-05:00,BEAR,1.0,True,False
2024-11-05 00:00:00-05:00,BEAR,1.0,True,False
2024-11-06 00:00:00-05:00,BEAR,0.8761876309632511,True,False
2024-11-07 00:00:00-05:00,BEAR,0.9992339973313317,False,False
2024-11-08 00:00:00-05:00,BEAR,0.9999999534401843,False,False
2024-11-11 00:00:00-05:00,EUPHORIA,0.9999984081551777,True,False
2024-11-12 00:00:00-05:00,EUPHORIA,0.9999990269424573,True,False
2024-11-13 00:00:00-05:00,EUPHORIA,0.999999943627431,True,False
2024-11-14 00:00:00-05:00,EUPHORIA,0.9880985533212454,True,False
2024-11-15 00:00:00-05:00,EUPHORIA,0.9999986012290918,False,False
2024-11-18 00:00:00-05:00,EUPHORIA,0.8207099883445538,False,False
2024-11-19 00:00:00-05:00,EUPHORIA,0.9999999999999588,False,False
2024-11-20 00:00:00-05:00,BEAR,0.9999999557133071,True,False
2024-11-21 00:00:00-05:00,BEAR,0.8028665531040471,False,False
2024-11-22 00:00:00-05:00,BEAR,0.9336915761847145,False,False
2024-11-25 00:00:00-05:00,EUPHORIA,0.9999876192163326,True,False
2024-11-26 00:00:00-05:00,EUPHORIA,0.9999999999979227,True,False
2024-11-27 00:00:00-05:00,EUPHORIA,0.9999999579884569,True,False
2024-11-28 00:00:00-05:00,EUPHORIA,0.9999981826311515,True,False
2024-11-29 00:00:00-05:00,EUPHORIA,0.9999999904273351,True,False
2024-12-02 00:00:00-05:00,EUPHORIA,0.9999999999820232,True,False
2024-12-03 00:00:00-05:00,EUPHORIA,0.9999652675852297,True,False
2024-12-04 00:00:00-05:00,EUPHORIA,0.9999117758634569,False,False
2024-12-05 00:00:00-05:00,EUPHORIA,0.9999995905888354,False,False
2024-12-06 00:00:00-05:00,CRASH,0.9999999959648971,True,False
2024-12-09 00:00:00-05:00,CRASH,0.9988955898191956,True,False
2024-12-10 00:00:00-05:00,CRASH,0.9774961053241374,True,False
2024-12-11 00:00:00-05:00,CRASH,0.999999928824069,True,False
2024-12-12 00:00:00-05:00,CRASH,0.9999996287457276,True,False
2024-12-13 00:00:00-05:00,CRASH,0.9999999999261879,False,False
2024-12-16 00:00:00-05:00,CRASH,0.9999998920055997,False,False
2024-12-17 00:00:00-05:00,NEUTRAL,0.9999439116552015,True,False
2024-12-18 00:00:00-05:00,NEUTRAL,0.9589042657113205,False,False
2024-12-19 00:00:00-05:00,NEUTRAL,0.9993949783655465,False,False
2024-12-20 00:00:00-05:00,NEUTRAL,0.9999999999999107,False,False
2024-12-23 00:00:00-05:00,BEAR,1.0,True,False
2024-12-24 00:00:00-05:00,BEAR,1.0,True,False
2024-12-25 00:00:00-05:00,BEAR,1.0,True,False
2024-12-26 00:00:00-05:00,BEAR,1.0,True,False
2024-12-27 00:00:00-05:00,BEAR,1.0,True,False
2024-12-30 00:00:00-05:00,BEAR,1.0,True,False
2024-12-31 00:00:00-05:00,BEAR,1.0,True,False
2024-10-17 00:00:00-04:00,WEAK_BEAR,0.9999999999969138,True,False
2024-10-18 00:00:00-04:00,WEAK_BEAR,0.9999960763004085,True,False
2024-10-21 00:00:00-04:00,WEAK_BEAR,0.9999998230270163,True,False
2024-10-22 00:00:00-04:00,WEAK_BEAR,0.9999999999998859,True,False
2024-10-23 00:00:00-04:00,WEAK_BEAR,1.0,True,False
2024-10-24 00:00:00-04:00,WEAK_BEAR,1.0,True,False
2024-10-25 00:00:00-04:00,WEAK_BEAR,1.0,True,False
2024-10-28 00:00:00-04:00,WEAK_BEAR,1.0,True,False
2024-10-29 00:00:00-04:00,WEAK_BEAR,0.9999999999999966,True,False
2024-10-30 00:00:00-04:00,WEAK_BEAR,1.0,True,False
2024-10-31 00:00:00-04:00,WEAK_BEAR,1.0,True,False
2024-11-01 00:00:00-04:00,WEAK_BEAR,1.0,True,False
2024-11-04 00:00:00-05:00,WEAK_BEAR,1.0,True,False
2024-11-05 00:00:00-05:00,WEAK_BEAR,1.0,True,False
2024-11-06 00:00:00-05:00,WEAK_BEAR,1.0,True,False
2024-11-07 00:00:00-05:00,WEAK_BEAR,1.0,True,False
2024-11-08 00:00:00-05:00,WEAK_BEAR,0.9999999999999952,True,False
2024-11-11 00:00:00-05:00,WEAK_BEAR,1.0,True,False
2024-11-12 00:00:00-05:00,WEAK_BEAR,1.0,True,False
2024-11-13 00:00:00-05:00,WEAK_BEAR,1.0,True,False
2024-11-14 00:00:00-05:00,WEAK_BEAR,1.0,True,False
2024-11-15 00:00:00-05:00,WEAK_BEAR,1.0,True,False
2024-11-18 00:00:00-05:00,WEAK_BEAR,1.0,True,False
2024-11-19 00:00:00-05:00,WEAK_BEAR,1.0,True,False
2024-11-20 00:00:00-05:00,WEAK_BEAR,0.999999999999995,True,False
2024-11-21 00:00:00-05:00,WEAK_BEAR,1.0,True,False
2024-11-22 00:00:00-05:00,WEAK_BEAR,0.9999999999937377,True,False
2024-11-25 00:00:00-05:00,WEAK_BEAR,0.9999999999143502,True,False
2024-11-26 00:00:00-05:00,WEAK_BEAR,0.9999998024996749,True,False
2024-11-27 00:00:00-05:00,WEAK_BEAR,0.9999999367936881,True,False
2024-11-28 00:00:00-05:00,WEAK_BEAR,0.9999977997549846,False,False
2024-11-29 00:00:00-05:00,WEAK_BEAR,0.99999722383336,False,False
2024-12-02 00:00:00-05:00,WEAK_BULL,0.9999999999999072,True,False
2024-12-03 00:00:00-05:00,WEAK_BULL,0.9999968495170369,True,False
2024-12-04 00:00:00-05:00,WEAK_BULL,0.9999999948036209,False,False
2024-12-05 00:00:00-05:00,WEAK_BULL,0.9999999999999999,False,False
2024-12-06 00:00:00-05:00,WEAK_BEAR,1.0,True,False
2024-12-09 00:00:00-05:00,WEAK_BEAR,1.0,True,False
2024-12-10 00:00:00-05:00,WEAK_BEAR,1.0,True,False
2024-12-11 00:00:00-05:00,WEAK_BEAR,1.0,True,False
2024-12-12 00:00:00-05:00,WEAK_BEAR,1.0,True,False
2024-12-13 00:00:00-05:00,WEAK_BEAR,0.9999999999999962,True,False
2024-12-16 00:00:00-05:00,WEAK_BEAR,1.0,True,False
2024-12-17 00:00:00-05:00,WEAK_BEAR,1.0,True,False
2024-12-18 00:00:00-05:00,WEAK_BEAR,1.0,True,False
2024-12-19 00:00:00-05:00,WEAK_BEAR,1.0,True,False
2024-12-20 00:00:00-05:00,WEAK_BEAR,1.0,True,False
2024-12-23 00:00:00-05:00,WEAK_BEAR,0.9998824180747693,True,False
2024-12-24 00:00:00-05:00,WEAK_BEAR,1.0,True,False
2024-12-25 00:00:00-05:00,WEAK_BEAR,0.9999999951728886,True,False
2024-12-26 00:00:00-05:00,WEAK_BEAR,0.999999999999687,True,False
2024-12-27 00:00:00-05:00,WEAK_BEAR,0.9999649697525217,True,False
2024-12-30 00:00:00-05:00,WEAK_BEAR,0.8787375441866393,False,False
2024-12-31 00:00:00-05:00,WEAK_BEAR,0.9986806410728458,False,False
